quant_error,loss,epoch,step
0.7569013237953186,3246.064453125,0,49
0.7292659878730774,3511.443359375,0,99
0.755442202091217,3457.52734375,0,149
0.7438027262687683,2811.658203125,0,199
0.7224506735801697,3180.613525390625,0,249
0.7712576389312744,3845.67431640625,0,299
0.769395112991333,2575.421142578125,0,349
0.7362912893295288,3252.20703125,0,399
0.7846972346305847,2875.63037109375,0,449
0.7309633493423462,2469.5419921875,0,499
0.783412516117096,3802.89404296875,0,549
0.7859930992126465,3111.38671875,0,599
0.8248485922813416,3640.218017578125,0,649
0.7525774836540222,3226.5537109375,0,699
0.7769638299942017,3082.2900390625,0,749
0.7322956919670105,2686.35986328125,0,799
0.7365752458572388,3810.16845703125,0,849
0.6848822832107544,2492.931884765625,0,899
0.741367757320404,3020.699951171875,0,949
0.6676336526870728,2146.958984375,0,999
0.6563549041748047,4014.1142578125,0,1049
0.5227328538894653,4261.2626953125,0,1099
0.4190671443939209,3683.175048828125,0,1149
0.4183139204978943,2718.14501953125,0,1199
0.3831206262111664,3049.975830078125,0,1249
0.40816399455070496,2111.835693359375,0,1299
0.41874992847442627,2324.450439453125,0,1349
0.40406566858291626,3334.822509765625,0,1399
0.4229426085948944,3733.5029296875,1,1449
0.4625691771507263,3223.9970703125,1,1499
0.44669267535209656,2926.275390625,1,1549
0.4552171230316162,2872.123046875,1,1599
0.4416733980178833,4204.2880859375,1,1649
0.5095006823539734,3076.96728515625,1,1699
0.5026179552078247,2995.1298828125,1,1749
0.45527034997940063,3872.791748046875,1,1799
0.763657808303833,3536.90966796875,1,1849
0.3002412021160126,3628.2978515625,1,1899
0.3118399977684021,2725.59521484375,1,1949
0.29984113574028015,3795.57373046875,1,1999
0.29947802424430847,3385.844482421875,1,2049
0.38977915048599243,2764.677978515625,1,2099
0.3089568018913269,3747.729736328125,1,2149
0.3113318085670471,2678.25927734375,1,2199
0.2978532314300537,3448.73095703125,1,2249
0.3043261766433716,3407.846435546875,1,2299
0.3180873692035675,2732.12841796875,1,2349
0.3207564055919647,2547.99609375,1,2399
0.292140930891037,3619.72705078125,1,2449
0.3535650968551636,3520.73291015625,1,2499
0.3138055205345154,3137.937744140625,1,2549
0.41460302472114563,3515.83642578125,1,2599
0.2992086708545685,3039.66943359375,1,2649
0.3116612732410431,2802.78466796875,1,2699
0.43190866708755493,3932.8857421875,1,2749
0.46101677417755127,3091.00439453125,1,2799
0.32008445262908936,3579.287353515625,1,2849
0.26535794138908386,4050.91552734375,2,2899
0.32008811831474304,2844.16650390625,2,2949
0.40155744552612305,4041.55810546875,2,2999
0.285305917263031,3227.602294921875,2,3049
0.2895071506500244,3291.12255859375,2,3099
0.2685776948928833,3012.6357421875,2,3149
0.28998270630836487,2785.666015625,2,3199
0.41572603583335876,3484.037841796875,2,3249
0.27802109718322754,3000.179443359375,2,3299
0.6307222247123718,3839.12255859375,2,3349
0.26348888874053955,2509.037353515625,2,3399
0.7644729018211365,2604.6162109375,2,3449
0.3833262026309967,3116.72021484375,2,3499
0.44804897904396057,3671.750732421875,2,3549
0.20332980155944824,4061.23974609375,2,3599
0.21444454789161682,3129.81982421875,2,3649
0.39593032002449036,2650.45458984375,2,3699
0.1467229276895523,3140.66748046875,2,3749
0.12196004390716553,2717.549072265625,2,3799
0.12561862170696259,2920.35791015625,2,3849
0.1269093006849289,3288.76513671875,2,3899
0.12274827063083649,4058.18359375,2,3949
0.134905144572258,3195.23828125,2,3999
0.16496074199676514,2432.603515625,2,4049
0.12768302857875824,2566.689697265625,2,4099
0.21193884313106537,2741.38037109375,2,4149
0.12976735830307007,3455.16259765625,2,4199
0.1313428282737732,3639.679931640625,2,4249
0.11688500642776489,3518.828369140625,2,4299
0.12150727212429047,3510.089111328125,3,4349
0.12879517674446106,2860.005615234375,3,4399
0.11664308607578278,2603.20556640625,3,4449
0.2253040075302124,3734.42431640625,3,4499
0.12631551921367645,3732.017333984375,3,4549
0.13041412830352783,4001.8251953125,3,4599
0.11304379254579544,2543.7001953125,3,4649
0.20013514161109924,3757.81494140625,3,4699
0.10710841417312622,3505.544677734375,3,4749
0.10608532279729843,2579.32177734375,3,4799
0.1964743435382843,3234.77685546875,3,4849
0.11704197525978088,3868.69189453125,3,4899
0.08132103830575943,3175.36474609375,3,4949
0.11060522496700287,3225.76025390625,3,4999
0.09663400799036026,4017.8271484375,3,5049
0.08821198344230652,3380.678466796875,3,5099
0.13636977970600128,2731.52783203125,3,5149
0.059180427342653275,3616.04052734375,3,5199
0.10181774199008942,4589.9970703125,3,5249
0.09560353308916092,3607.824462890625,3,5299
0.04542183503508568,2664.02587890625,3,5349
0.027869028970599174,3102.60498046875,3,5399
0.04407490789890289,3920.78076171875,3,5449
0.040500592440366745,3875.1376953125,3,5499
0.023805879056453705,3849.26416015625,3,5549
0.025346610695123672,3628.361328125,3,5599
0.03303854539990425,3583.31103515625,3,5649
0.026261460036039352,2744.20751953125,3,5699
0.12295259535312653,2390.1552734375,4,5749
0.03153301775455475,2682.83447265625,4,5799
0.07139325141906738,3739.2275390625,4,5849
0.045273855328559875,3710.904296875,4,5899
0.09893602877855301,3927.6796875,4,5949
0.03517105057835579,3033.67626953125,4,5999
0.03352389112114906,3893.098876953125,4,6049
0.0331900455057621,3420.661865234375,4,6099
0.03417610377073288,2871.5458984375,4,6149
0.14429274201393127,3030.368408203125,4,6199
0.024036487564444542,3380.11865234375,4,6249
0.02558814361691475,2661.155517578125,4,6299
0.027107972651720047,3632.78369140625,4,6349
0.028628036379814148,3775.60888671875,4,6399
0.02489890716969967,3300.26171875,4,6449
0.02314714528620243,3506.55517578125,4,6499
0.023037176579236984,3190.6884765625,4,6549
0.02344381809234619,2782.1474609375,4,6599
0.026822058483958244,3904.00732421875,4,6649
0.022636132314801216,2351.61083984375,4,6699
0.022600485011935234,3289.05126953125,4,6749
0.023821331560611725,3755.802734375,4,6799
0.023298880085349083,3143.890869140625,4,6849
0.023035995662212372,2964.6240234375,4,6899
0.0206954013556242,3141.36474609375,4,6949
0.021161116659641266,3449.111328125,4,6999
0.018639791756868362,3812.87158203125,4,7049
0.020284274592995644,3454.27197265625,4,7099
0.019334621727466583,3857.7001953125,4,7149
0.020674651488661766,3896.367919921875,5,7199
0.023317532613873482,3137.719970703125,5,7249
0.020754855126142502,3790.81494140625,5,7299
0.019789909943938255,2809.04931640625,5,7349
0.022828249260783195,2921.75,5,7399
0.02511594444513321,2770.933349609375,5,7449
0.01934358850121498,2478.12744140625,5,7499
0.019992273300886154,2542.844482421875,5,7549
0.017790554091334343,3647.150634765625,5,7599
0.019171806052327156,3477.46142578125,5,7649
0.0219038724899292,4509.3642578125,5,7699
0.017370793968439102,3715.5849609375,5,7749
0.015500501729547977,3346.927490234375,5,7799
0.01712201163172722,2601.72021484375,5,7849
0.01566268317401409,3063.93701171875,5,7899
0.018239017575979233,2896.37548828125,5,7949
0.016116363927721977,2950.621826171875,5,7999
0.018928607925772667,3368.84716796875,5,8049
0.016826240345835686,2278.654052734375,5,8099
0.016428066417574883,2683.14404296875,5,8149
0.01578809879720211,3288.86083984375,5,8199
0.016245068982243538,3885.16455078125,5,8249
0.015836331993341446,3641.8876953125,5,8299
0.291191428899765,3103.405517578125,5,8349
0.020818207412958145,4042.174072265625,5,8399
0.037976425141096115,3871.69921875,5,8449
0.014366273768246174,2632.983642578125,5,8499
0.01616348698735237,3746.99951171875,5,8549
0.013401821255683899,4822.1416015625,5,8599
0.016275420784950256,3746.852294921875,6,8649
0.013248139061033726,3272.48291015625,6,8699
0.018642744049429893,3761.4296875,6,8749
0.012622809037566185,2658.907470703125,6,8799
0.01613459922373295,3002.77685546875,6,8849
0.09528660774230957,3652.52294921875,6,8899
0.015737248584628105,2817.802734375,6,8949
0.01511723455041647,3550.67919921875,6,8999
0.01453902292996645,3304.652099609375,6,9049
0.012233512476086617,4078.60009765625,6,9099
0.015693193301558495,2746.6923828125,6,9149
0.01797880418598652,2787.80078125,6,9199
0.017058340832591057,3619.29052734375,6,9249
0.0164194256067276,2455.705810546875,6,9299
0.0168540570884943,3369.142578125,6,9349
0.02109798789024353,3563.95458984375,6,9399
0.015577234327793121,3384.61669921875,6,9449
0.014351318590342999,3102.667236328125,6,9499
0.1388770043849945,3334.159423828125,6,9549
0.018025172874331474,2563.93115234375,6,9599
0.01530320756137371,3410.61376953125,6,9649
0.01460961252450943,2721.51123046875,6,9699
0.013496682979166508,3420.0126953125,6,9749
0.017869485542178154,3283.3408203125,6,9799
0.015395887196063995,3902.849853515625,6,9849
0.05514790862798691,3272.873291015625,6,9899
0.015495751984417439,3187.244384765625,6,9949
0.021464744582772255,2668.03857421875,6,9999
0.026796676218509674,2368.86474609375,6,10049
0.01237010583281517,3003.83251953125,7,10099
0.04745610058307648,2685.7705078125,7,10149
0.20075619220733643,2321.70263671875,7,10199
0.01818322204053402,3543.4306640625,7,10249
0.02466496266424656,2723.74609375,7,10299
0.017989540472626686,3061.776123046875,7,10349
0.011868751607835293,3448.82275390625,7,10399
0.01183424424380064,3020.71875,7,10449
0.014253652654588223,2672.90673828125,7,10499
0.028906935825943947,3296.0126953125,7,10549
0.023237917572259903,3755.467041015625,7,10599
0.017020011320710182,3979.8837890625,7,10649
0.015826072543859482,2601.96533203125,7,10699
0.02196536958217621,2566.965087890625,7,10749
0.016211777925491333,3191.763671875,7,10799
0.011853745207190514,2557.0625,7,10849
0.013291196897625923,3208.880859375,7,10899
0.32311156392097473,3275.102783203125,7,10949
0.014217793941497803,2644.1064453125,7,10999
0.08806315064430237,2645.44970703125,7,11049
0.025969836860895157,4023.9130859375,7,11099
0.026285573840141296,3483.94482421875,7,11149
0.0442090667784214,3466.690185546875,7,11199
0.10052569210529327,3735.384765625,7,11249
0.12087396532297134,3425.45361328125,7,11299
0.09171310812234879,3606.55517578125,7,11349
0.04024047031998634,3731.45556640625,7,11399
0.06222602725028992,2380.5595703125,7,11449
0.0512203574180603,3839.25244140625,8,11499
0.34297263622283936,3721.38134765625,8,11549
0.06324618309736252,2124.558349609375,8,11599
0.0633200854063034,2961.41162109375,8,11649
0.06491507589817047,3802.975341796875,8,11699
0.06306116282939911,2895.53173828125,8,11749
0.3667120039463043,3523.904541015625,8,11799
0.02425815723836422,2702.566650390625,8,11849
0.06837190687656403,2130.347412109375,8,11899
0.0876714289188385,3368.43603515625,8,11949
0.08273005485534668,2504.1474609375,8,11999
0.08449644595384598,2452.256103515625,8,12049
0.06640864908695221,3616.01025390625,8,12099
0.06385858356952667,2571.83349609375,8,12149
0.07624934613704681,3084.78515625,8,12199
0.05266229808330536,2710.2666015625,8,12249
0.070460245013237,2999.668212890625,8,12299
0.08145470917224884,3204.375,8,12349
0.014460149221122265,3607.88623046875,8,12399
0.006039242260158062,3066.647216796875,8,12449
0.006066003814339638,2328.29150390625,8,12499
0.005110593046993017,2278.744140625,8,12549
0.004909480921924114,2777.349853515625,8,12599
0.004924924578517675,3785.83349609375,8,12649
0.004963673185557127,3894.827392578125,8,12699
0.0050102644599974155,2751.884765625,8,12749
0.0047921608202159405,3539.068359375,8,12799
0.0044099027290940285,2879.525390625,8,12849
0.005090723745524883,2248.98779296875,8,12899
0.004536632914096117,3084.976318359375,9,12949
0.00494031747803092,3746.09130859375,9,12999
0.004760225769132376,3318.4833984375,9,13049
0.004759676288813353,2909.033447265625,9,13099
0.0047074658796191216,2666.753662109375,9,13149
0.005094456020742655,4285.0537109375,9,13199
0.004662542603909969,4062.94482421875,9,13249
0.004860569257289171,3988.1611328125,9,13299
0.0043015205301344395,3428.8486328125,9,13349
0.004154606722295284,3293.702392578125,9,13399
0.0040481132455170155,3020.7607421875,9,13449
0.004092905204743147,2969.8369140625,9,13499
0.004902591463178396,3810.306640625,9,13549
0.004120613448321819,3255.146484375,9,13599
0.004319597501307726,3929.1298828125,9,13649
0.004316201899200678,3949.3310546875,9,13699
0.004151933826506138,2651.71923828125,9,13749
0.004468822851777077,4226.00537109375,9,13799
0.004423271864652634,3447.78369140625,9,13849
0.004859321750700474,3321.048095703125,9,13899
0.00397051777690649,2359.349609375,9,13949
0.004056988283991814,3819.413818359375,9,13999
0.0037123900838196278,3715.796630859375,9,14049
0.003984413575381041,2808.91259765625,9,14099
0.004003526177257299,3580.65771484375,9,14149
0.0047687385231256485,3911.424560546875,9,14199
0.0054232412949204445,3322.1689453125,9,14249
0.004610100761055946,3003.84619140625,9,14299
0.0041215321980416775,3354.8154296875,9,14349
0.004954056348651648,3148.3212890625,10,14399
0.004145569633692503,2255.75,10,14449
0.004691058769822121,3064.51171875,10,14499
0.0038858067709952593,3569.6630859375,10,14549
0.004037868231534958,3745.37744140625,10,14599
0.004065045155584812,4743.9072265625,10,14649
0.0037630887236446142,3229.71044921875,10,14699
0.0038320731837302446,4000.468505859375,10,14749
0.0037946216762065887,3766.529296875,10,14799
0.0041777603328228,3799.5517578125,10,14849
0.005552270449697971,2477.722900390625,10,14899
0.006129553075879812,2413.91162109375,10,14949
0.0060188742354512215,4057.49267578125,10,14999
0.005396952386945486,2659.449462890625,10,15049
0.005764723289757967,2509.115478515625,10,15099
0.005868744105100632,3171.9111328125,10,15149
0.006189411040395498,3608.556396484375,10,15199
0.004657999146729708,3030.982421875,10,15249
0.004906683228909969,2879.6796875,10,15299
0.005268112290650606,3186.9931640625,10,15349
0.005621121730655432,3063.473876953125,10,15399
0.004763553850352764,3738.95849609375,10,15449
0.006522610317915678,3114.90576171875,10,15499
0.0053862472996115685,3055.451416015625,10,15549
0.005519629921764135,2343.8583984375,10,15599
0.008678354322910309,2638.023193359375,10,15649
0.005991445388644934,4002.010009765625,10,15699
0.007344383280724287,3683.114501953125,10,15749
0.007695278152823448,2787.404541015625,10,15799
0.009152708575129509,3893.484619140625,11,15849
0.009716955944895744,2383.0,11,15899
0.010112354531884193,3669.8603515625,11,15949
0.01050490327179432,3063.464599609375,11,15999
0.008356817066669464,3512.490478515625,11,16049
0.011400630697607994,3581.8154296875,11,16099
0.010030054487287998,2723.88134765625,11,16149
0.007919909432530403,3658.484375,11,16199
0.00748716713860631,3281.98583984375,11,16249
0.005955715198069811,2481.824951171875,11,16299
0.006786462850868702,3669.972412109375,11,16349
0.005177145358175039,3884.469970703125,11,16399
0.004355831071734428,3396.833740234375,11,16449
0.004447076003998518,2788.40625,11,16499
0.004980321042239666,3393.0634765625,11,16549
0.00422720517963171,3054.9033203125,11,16599
0.004128384869545698,3756.815673828125,11,16649
0.0036047620233148336,3878.7451171875,11,16699
0.006065440364181995,3378.709228515625,11,16749
0.0037844411563128233,4050.6181640625,11,16799
0.004108763765543699,3100.684814453125,11,16849
0.0033917459659278393,3791.75048828125,11,16899
0.003979787230491638,3103.4130859375,11,16949
0.0030185056384652853,3986.961669921875,11,16999
0.0033274225424975157,3020.24072265625,11,17049
0.004519399255514145,3402.0302734375,11,17099
0.003301477525383234,4774.44775390625,11,17149
0.003490186994895339,3055.2822265625,11,17199
0.0034377288538962603,3346.6904296875,12,17249
0.004226057790219784,3535.623046875,12,17299
0.0044544353149831295,2645.233154296875,12,17349
0.0035429508425295353,3294.015625,12,17399
0.003631605999544263,3235.100341796875,12,17449
0.003648290177807212,3873.979736328125,12,17499
0.0035515299532562494,3591.7119140625,12,17549
0.003885859390720725,3251.78369140625,12,17599
0.0047644320875406265,3570.385986328125,12,17649
0.006857691798359156,3064.89892578125,12,17699
0.00527611281722784,3679.63671875,12,17749
0.006857210770249367,2972.1259765625,12,17799
0.008382769301533699,3290.76513671875,12,17849
0.006715238559991121,2672.58837890625,12,17899
0.011213891208171844,3307.88232421875,12,17949
0.00523118581622839,3385.368896484375,12,17999
0.00739549845457077,3717.954345703125,12,18049
0.008057044818997383,3722.861328125,12,18099
0.007014531176537275,3456.39794921875,12,18149
0.008303824812173843,3778.7490234375,12,18199
0.01061376091092825,3037.79052734375,12,18249
0.00584441376850009,2872.90087890625,12,18299
0.006278876680880785,3842.78125,12,18349
0.008706043474376202,4100.7470703125,12,18399
0.00818912498652935,3186.70654296875,12,18449
0.010402164421975613,3928.687744140625,12,18499
0.008038216270506382,3961.806640625,12,18549
0.006461582146584988,2969.719482421875,12,18599
0.004952554125338793,3642.876708984375,12,18649
0.004343052860349417,3811.596923828125,13,18699
0.00484636751934886,3452.971435546875,13,18749
0.007680878508836031,3626.943115234375,13,18799
0.009690805338323116,3466.794921875,13,18849
0.01064394786953926,3173.13818359375,13,18899
0.012539666146039963,2893.994384765625,13,18949
0.008598869666457176,3309.15087890625,13,18999
0.010483226738870144,2654.91845703125,13,19049
0.00757336663082242,3350.912353515625,13,19099
0.004143008962273598,3971.4296875,13,19149
0.0043110023252666,2670.93505859375,13,19199
0.00497495336458087,2909.03955078125,13,19249
0.007616715971380472,3019.0185546875,13,19299
0.004405660554766655,3487.0458984375,13,19349
0.0038889111019670963,2631.6083984375,13,19399
0.003580008167773485,4410.8740234375,13,19449
0.004060933366417885,3006.0712890625,13,19499
0.004717374220490456,3409.970458984375,13,19549
0.0056057218462228775,3737.8046875,13,19599
0.009506497532129288,2691.2646484375,13,19649
0.004185589496046305,3757.9755859375,13,19699
0.003993067424744368,3972.25390625,13,19749
0.004157851450145245,2882.6875,13,19799
0.0035823832731693983,2552.737548828125,13,19849
0.003903263946995139,3030.69775390625,13,19899
0.0049021863378584385,3915.16064453125,13,19949
0.008207972161471844,2961.60107421875,13,19999
0.014754587784409523,3715.52001953125,13,20049
0.0032574874348938465,3955.09228515625,13,20099
0.002943539759144187,3876.226806640625,14,20149
0.00304830982349813,2659.45947265625,14,20199
0.00367832207120955,3556.62060546875,14,20249
0.0034519992768764496,2915.5458984375,14,20299
0.0036484929732978344,3807.752197265625,14,20349
0.004059606231749058,3235.9248046875,14,20399
0.004174330271780491,3009.56298828125,14,20449
0.003828088752925396,3391.61376953125,14,20499
0.005381399765610695,3761.958984375,14,20549
0.004255305044353008,2486.948486328125,14,20599
0.00466293515637517,4431.615234375,14,20649
0.0042108469642698765,2726.12939453125,14,20699
0.004461383912712336,2920.93212890625,14,20749
0.00317500252276659,3740.840576171875,14,20799
0.004062322899699211,3892.1181640625,14,20849
0.0038319630548357964,3733.65576171875,14,20899
0.003298139665275812,3310.897216796875,14,20949
0.003520609112456441,3115.0126953125,14,20999
0.003169482108205557,3492.947265625,14,21049
0.003283720463514328,3189.8974609375,14,21099
0.0033017676323652267,3776.51513671875,14,21149
0.002241139765828848,3442.03076171875,14,21199
0.0023269574157893658,2712.0595703125,14,21249
0.002360022161155939,3615.9697265625,14,21299
0.002434928435832262,3535.23583984375,14,21349
0.0028661370743066072,2755.975341796875,14,21399
0.0019060155609622598,3673.776123046875,14,21449
0.002097880933433771,2830.780029296875,14,21499
0.0019829552620649338,3711.3154296875,14,21549
0.0018599769100546837,3021.761474609375,15,21599
0.0020340702030807734,2641.7421875,15,21649
0.0018361707916483283,3288.687744140625,15,21699
0.002036368940025568,3453.83251953125,15,21749
0.0022882672492414713,2612.78662109375,15,21799
0.002177225658670068,3409.7041015625,15,21849
0.002606754656881094,2769.77587890625,15,21899
0.0025026898365467787,2327.423583984375,15,21949
0.0020772696007043123,2504.09375,15,21999
0.0021273335441946983,3639.162109375,15,22049
0.009906577877700329,2907.942626953125,15,22099
0.004264431539922953,3811.08349609375,15,22149
0.004516018554568291,3530.09033203125,15,22199
0.004037684295326471,2676.23291015625,15,22249
0.003043294185772538,4001.6572265625,15,22299
0.0036985091865062714,3000.19677734375,15,22349
0.002541682217270136,2990.68310546875,15,22399
0.0029016456101089716,3487.854248046875,15,22449
0.004892183467745781,3735.9091796875,15,22499
0.0017458300571888685,3542.9208984375,15,22549
0.0017699868185445666,4589.9453125,15,22599
0.0017592509975656867,3871.824462890625,15,22649
0.0016208242159336805,3811.383056640625,15,22699
0.0016266416059806943,3621.045166015625,15,22749
0.001536878990009427,3813.003662109375,15,22799
0.0016102910740301013,3024.806884765625,15,22849
0.0023473522160202265,3509.19091796875,15,22899
0.0016944220988079906,2372.7548828125,15,22949
0.0024503301829099655,3542.9853515625,16,22999
0.002491453429684043,2612.9482421875,16,23049
0.002066661138087511,3338.174560546875,16,23099
0.0019185811979696155,3385.951171875,16,23149
0.002231909893453121,3369.07421875,16,23199
0.0023852181620895863,2323.968017578125,16,23249
0.001965010305866599,3731.84521484375,16,23299
0.0020000420045107603,3870.9091796875,16,23349
0.0018164735520258546,3702.04443359375,16,23399
0.0020636380650103092,3564.44189453125,16,23449
0.0016824693884700537,3986.838134765625,16,23499
0.0021707576233893633,3974.85546875,16,23549
0.0017405074322596192,3146.42236328125,16,23599
0.0020174384117126465,3841.45068359375,16,23649
0.00156690482981503,3838.74267578125,16,23699
0.0018854569643735886,3008.27392578125,16,23749
0.002037320751696825,3475.80908203125,16,23799
0.0018215776653960347,2649.803955078125,16,23849
0.0023068657610565424,3064.0009765625,16,23899
0.0027297576889395714,2496.570556640625,16,23949
0.0037585070822387934,4011.55078125,16,23999
0.003465057583525777,2603.579345703125,16,24049
0.00231258780695498,3246.9970703125,16,24099
0.0021196515299379826,3512.04248046875,16,24149
0.002044792054221034,3524.0771484375,16,24199
0.001835704897530377,2962.92041015625,16,24249
0.001843721722252667,3074.85693359375,16,24299
0.002007989212870598,2486.83349609375,16,24349
0.0019822746980935335,3584.796875,16,24399
0.0019192179897800088,3003.78857421875,17,24449
0.002130436012521386,2912.82958984375,17,24499
0.0023732692934572697,3662.38671875,17,24549
0.0018219273770228028,3771.708984375,17,24599
0.0019590656738728285,3902.75732421875,17,24649
0.0016342710005119443,3391.6279296875,17,24699
0.0021300166845321655,3500.9697265625,17,24749
0.0020095219369977713,3453.87353515625,17,24799
0.0021317354403436184,3655.728759765625,17,24849
0.0023177654948085546,3129.91015625,17,24899
0.002565511269494891,2818.3984375,17,24949
0.0020728022791445255,3812.847900390625,17,24999
0.00232393154874444,2674.88818359375,17,25049
0.002376285381615162,2816.869140625,17,25099
0.002526710508391261,3533.970947265625,17,25149
0.002128483960404992,2710.641845703125,17,25199
0.00222213682718575,3463.642578125,17,25249
0.0024360448587685823,2788.18701171875,17,25299
0.0023187112528830767,3111.9375,17,25349
0.0025779458228498697,3062.04248046875,17,25399
0.001947049400769174,3204.166015625,17,25449
0.0017447025747969747,2901.9208984375,17,25499
0.002064003609120846,3254.5537109375,17,25549
0.0025378726422786713,3435.96630859375,17,25599
0.005365337245166302,3570.286376953125,17,25649
0.005737044848501682,2913.01953125,17,25699
0.00812689308077097,3454.94873046875,17,25749
0.001725853537209332,3338.08203125,17,25799
0.0014242411125451326,3486.9697265625,17,25849
0.0012628963449969888,3569.90234375,18,25899
0.0012884706957265735,2808.70849609375,18,25949
0.0013249993789941072,4345.7001953125,18,25999
0.0014296940062195063,2633.54736328125,18,26049
0.0021125348284840584,3975.424560546875,18,26099
0.0013412624830380082,3763.51513671875,18,26149
0.011772874742746353,3839.649169921875,18,26199
0.015388639643788338,3570.635498046875,18,26249
0.003575995797291398,2926.63427734375,18,26299
0.0032542140688747168,3428.78955078125,18,26349
0.0021546236239373684,2447.0009765625,18,26399
0.0020385466050356627,2486.74609375,18,26449
0.0020873488392680883,2407.717041015625,18,26499
0.0027239066548645496,3974.7041015625,18,26549
0.0035564403515309095,3933.48193359375,18,26599
0.0023460935335606337,3437.5517578125,18,26649
0.0030828637536615133,3787.172607421875,18,26699
0.0029936940409243107,3950.871337890625,18,26749
0.00310759455896914,2718.05712890625,18,26799
0.004744040314108133,4002.054443359375,18,26849
0.002452695509418845,3448.13916015625,18,26899
0.0024944981560111046,3449.0859375,18,26949
0.002322537824511528,3175.52392578125,18,26999
0.0024002334102988243,3625.830322265625,18,27049
0.004194539971649647,2479.3349609375,18,27099
0.0035322101321071386,3590.465087890625,18,27149
0.003309371182695031,3456.47998046875,18,27199
0.003150469157844782,2818.10595703125,18,27249
0.002744962926954031,3402.03759765625,18,27299
0.0026268581859767437,3226.027099609375,19,27349
0.0028785995673388243,3356.8984375,19,27399
0.002791914390400052,3904.305908203125,19,27449
0.0023842265363782644,3711.642822265625,19,27499
0.0024918268900364637,3193.53564453125,19,27549
0.0026441426016390324,2548.30224609375,19,27599
0.002443239325657487,3387.787841796875,19,27649
0.002448022598400712,3857.158203125,19,27699
0.0027619730681180954,3335.0615234375,19,27749
0.0031560601200908422,3497.513671875,19,27799
0.0026522409170866013,4100.96630859375,19,27849
0.0024377803783863783,3776.05908203125,19,27899
0.002680412959307432,2805.089111328125,19,27949
0.0048660351894795895,3274.24560546875,19,27999
0.0023836882319301367,2570.92431640625,19,28049
0.002394656417891383,3778.89453125,19,28099
0.002972559304907918,3737.31640625,19,28149
0.005494830198585987,4098.314453125,19,28199
0.002852578181773424,3073.42333984375,19,28249
0.002193726133555174,2481.7275390625,19,28299
0.003457892220467329,2974.693115234375,19,28349
0.007864832878112793,2645.01806640625,19,28399
0.012510665692389011,3798.8271484375,19,28449
0.00562804052606225,2731.6064453125,19,28499
0.003466967958956957,3288.7158203125,19,28549
0.003355498192831874,3472.2509765625,19,28599
0.0035760721657425165,2604.63134765625,19,28649
0.0034080040641129017,3334.166259765625,19,28699
0.005036870948970318,2960.346923828125,20,28749
0.003079768270254135,2883.11474609375,20,28799
0.0034381619188934565,3619.81005859375,20,28849
0.004597992170602083,3110.00830078125,20,28899
0.0054049137979745865,3895.002197265625,20,28949
0.0031926503870636225,3610.5029296875,20,28999
0.002474363660439849,3769.538818359375,20,29049
0.0026634864043444395,2752.796142578125,20,29099
0.005424095317721367,3774.83544921875,20,29149
0.008557042106986046,3700.84375,20,29199
0.00680394284427166,3799.9384765625,20,29249
0.011069737374782562,3204.13525390625,20,29299
0.015026691369712353,2975.025634765625,20,29349
0.006673248019069433,3928.0087890625,20,29399
0.003901874180883169,3795.737548828125,20,29449
0.0022086412645876408,3149.5849609375,20,29499
0.004304811358451843,2372.6357421875,20,29549
0.012297410517930984,3225.66796875,20,29599
0.0029756338335573673,2639.18017578125,20,29649
0.0029705138877034187,2702.451171875,20,29699
0.004227061290293932,3034.809326171875,20,29749
0.009210179559886456,4262.28857421875,20,29799
0.00683216005563736,2502.47705078125,20,29849
0.004754642955958843,4141.689453125,20,29899
0.010351101867854595,3818.8583984375,20,29949
0.00745517248287797,2776.42822265625,20,29999
0.00642777606844902,2650.43505859375,20,30049
0.0021492622327059507,2694.10693359375,20,30099
0.005281129851937294,3610.22412109375,20,30149
0.0020945072174072266,2872.938720703125,21,30199
0.0014561743009835482,2633.91162109375,21,30249
0.0011402766685932875,2714.83935546875,21,30299
0.001054425141774118,3543.431640625,21,30349
0.0013604810228571296,3486.9697265625,21,30399
0.001273206900805235,3524.460205078125,21,30449
0.006883622612804174,2494.82470703125,21,30499
0.004211775492876768,3699.79443359375,21,30549
0.019622763618826866,3724.72265625,21,30599
0.0022929729893803596,2676.01513671875,21,30649
0.006081840489059687,3757.706298828125,21,30699
0.009883532300591469,3204.11083984375,21,30749
0.05291042849421501,4117.6494140625,21,30799
0.11488234251737595,2501.2548828125,21,30849
0.03288139030337334,3228.35205078125,21,30899
0.01990962214767933,3004.02783203125,21,30949
0.033243633806705475,2862.402099609375,21,30999
0.017418866977095604,2659.67138671875,21,31049
0.031054871156811714,3660.81640625,21,31099
0.019056910648941994,3731.166015625,21,31149
0.01643270067870617,3601.2646484375,21,31199
0.018782643601298332,3679.44677734375,21,31249
0.028607895597815514,3517.91259765625,21,31299
0.062314003705978394,3320.89306640625,21,31349
0.04378444701433182,2323.644775390625,21,31399
0.024257658049464226,2607.03662109375,21,31449
0.05526062473654747,3333.198974609375,21,31499
0.021874630823731422,2526.987548828125,21,31549
0.031706374138593674,2940.884765625,21,31599
0.07027008384466171,2739.98291015625,22,31649
0.059007901698350906,3601.0947265625,22,31699
0.06444916874170303,3226.27197265625,22,31749
0.0144121078774333,3763.61865234375,22,31799
0.021144237369298935,3078.32080078125,22,31849
0.013669615611433983,4204.0810546875,22,31899
0.01025356724858284,3282.02294921875,22,31949
0.010319102555513382,3283.982421875,22,31999
0.022757351398468018,3334.87255859375,22,32049
0.015095093287527561,3078.75732421875,22,32099
0.011804400943219662,2543.77099609375,22,32149
0.03295312449336052,3894.695556640625,22,32199
0.021191993728280067,2457.348388671875,22,32249
0.019669823348522186,2720.0771484375,22,32299
0.04885100945830345,2526.6953125,22,32349
0.029417719691991806,3386.65576171875,22,32399
0.03293661028146744,3367.695556640625,22,32449
0.04067369922995567,3590.3544921875,22,32499
0.05100028216838837,3388.81787109375,22,32549
0.03137735649943352,3717.7998046875,22,32599
0.0634564682841301,2327.49755859375,22,32649
0.05865689367055893,3128.966796875,22,32699
0.0681660994887352,3746.057861328125,22,32749
0.03807589039206505,2496.98828125,22,32799
0.01834998093545437,3952.61328125,22,32849
0.046618636697530746,3187.914794921875,22,32899
0.02489771507680416,4335.39013671875,22,32949
0.03516562655568123,3177.8447265625,22,32999
0.087272047996521,3333.800048828125,22,33049
0.032931920140981674,2998.985595703125,23,33099
0.03419364616274834,2685.6806640625,23,33149
0.040220942348241806,4023.8837890625,23,33199
0.08140049129724503,3477.24658203125,23,33249
0.03255508840084076,3512.712158203125,23,33299
0.03531132638454437,2975.743408203125,23,33349
0.028402622789144516,2711.33056640625,23,33399
0.02855456806719303,2602.720947265625,23,33449
0.0292814914137125,2260.7109375,23,33499
0.08114662766456604,3569.968505859375,23,33549
0.09937930852174759,2767.86279296875,23,33599
0.07948802411556244,3203.83154296875,23,33649
0.017679402604699135,3225.492919921875,23,33699
0.02280653454363346,3895.38232421875,23,33749
0.012679744511842728,2770.563232421875,23,33799
0.05871230363845825,3862.48193359375,23,33849
0.08519645780324936,3366.390625,23,33899
0.01010382454842329,3573.970703125,23,33949
0.02500247210264206,3822.923828125,23,33999
0.12588457763195038,3142.9833984375,23,34049
0.009344277903437614,2649.96728515625,23,34099
0.00909422803670168,2389.863525390625,23,34149
0.0010905584786087275,3609.722900390625,23,34199
0.016451537609100342,3138.62548828125,23,34249
0.036246348172426224,3769.42431640625,23,34299
0.008558021858334541,3219.941162109375,23,34349
0.0723358541727066,3757.90283203125,23,34399
0.026771316304802895,3722.729248046875,23,34449
0.01434305775910616,2237.7802734375,24,34499
0.028453288599848747,3749.759765625,24,34549
0.04022989049553871,2690.71142578125,24,34599
0.01570269837975502,2973.584716796875,24,34649
0.010784415528178215,3419.83154296875,24,34699
0.011840383522212505,2903.778076171875,24,34749
0.005717129912227392,2762.017578125,24,34799
0.0056195370852947235,3524.70703125,24,34849
0.005466190166771412,2705.72998046875,24,34899
0.00554368132725358,3763.838623046875,24,34949
0.004764860030263662,2579.78369140625,24,34999
0.0038706602063030005,3861.67578125,24,35049
0.013415757566690445,2470.6279296875,24,35099
0.14385643601417542,2681.12841796875,24,35149
0.018254496157169342,3485.3955078125,24,35199
0.018431618809700012,2496.00390625,24,35249
0.01461740117520094,2726.048828125,24,35299
0.041432928293943405,2642.01806640625,24,35349
0.013276253826916218,3999.634033203125,24,35399
0.005164586938917637,2694.390625,24,35449
0.007410965859889984,3242.87158203125,24,35499
0.0325605534017086,3787.14794921875,24,35549
0.03176526352763176,2323.3154296875,24,35599
0.028964918106794357,2974.86669921875,24,35649
0.05296991020441055,3100.65185546875,24,35699
0.08928200602531433,3058.6318359375,24,35749
0.046255577355623245,3763.348876953125,24,35799
0.06152626872062683,4653.98486328125,24,35849
0.030156876891851425,3602.055908203125,24,35899
0.026994511485099792,2693.766357421875,25,35949
0.0613795630633831,2661.363037109375,25,35999
0.02188066393136978,3450.8505859375,25,36049
0.018458569422364235,3478.40283203125,25,36099
0.018005721271038055,2950.80078125,25,36149
0.012963603250682354,3446.6748046875,25,36199
0.03597135841846466,3892.67822265625,25,36249
0.014062616974115372,2872.87646484375,25,36299
0.005589200183749199,3037.99853515625,25,36349
0.009872721508145332,3214.7421875,25,36399
0.022163834422826767,2921.83056640625,25,36449
0.002489140722900629,3172.77099609375,25,36499
0.04178975522518158,3555.871826171875,25,36549
0.020838454365730286,2725.900390625,25,36599
0.009971928782761097,3651.33984375,25,36649
0.01979977823793888,2663.577392578125,25,36699
0.007900059223175049,3569.738037109375,25,36749
0.057098861783742905,3014.2373046875,25,36799
0.020761681720614433,3970.8505859375,25,36849
0.03138455003499985,3426.0107421875,25,36899
0.09035614877939224,2225.822265625,25,36949
0.009564867243170738,2477.94970703125,25,36999
0.006930952426046133,3853.32568359375,25,37049
0.09817717224359512,3111.9677734375,25,37099
0.001305001089349389,3080.72021484375,25,37149
0.0015730262966826558,3546.76123046875,25,37199
0.004434427712112665,3492.8759765625,25,37249
0.06251192092895508,2586.26220703125,25,37299
0.09127159416675568,4002.28125,25,37349
0.00881950929760933,3619.42529296875,26,37399
0.014224967919290066,3664.498291015625,26,37449
0.012591753154993057,2566.49755859375,26,37499
0.02842925488948822,2416.5029296875,26,37549
0.009648555889725685,4042.189453125,26,37599
0.029965775087475777,2641.682373046875,26,37649
0.02959919534623623,3848.61572265625,26,37699
0.01327695045620203,3563.9755859375,26,37749
0.03131376579403877,2923.51416015625,26,37799
0.020188555121421814,2628.10693359375,26,37849
0.0014057715889066458,4114.75341796875,26,37899
0.0023495317436754704,2721.83447265625,26,37949
0.004751331638544798,3488.23779296875,26,37999
0.010606619529426098,2851.67041015625,26,38049
0.006734755821526051,3571.53173828125,26,38099
0.015409386716783047,2802.919921875,26,38149
0.0011526267044246197,3673.65966796875,26,38199
0.0009331227047368884,2534.240478515625,26,38249
0.08124528080224991,2719.90234375,26,38299
0.0007095446344465017,2908.6533203125,26,38349
0.002791164442896843,3556.758544921875,26,38399
0.04382771998643875,2703.02734375,26,38449
0.12690256536006927,3809.717041015625,26,38499
0.0028821569867432117,3573.65087890625,26,38549
0.01139471959322691,2896.82470703125,26,38599
0.003933914937078953,3271.80322265625,26,38649
0.007310474291443825,3810.6826171875,26,38699
0.0030320140067487955,3220.6572265625,26,38749
0.002259810920804739,3100.517578125,27,38799
0.01523764431476593,2677.70263671875,27,38849
0.0837952122092247,3746.86474609375,27,38899
0.0009105345234274864,2872.67041015625,27,38949
0.0030830930918455124,2355.58154296875,27,38999
0.0011214405531063676,3920.541259765625,27,39049
0.0010557185159996152,3140.61572265625,27,39099
0.0020807862747460604,2670.5888671875,27,39149
0.012790124863386154,3288.48828125,27,39199
0.001529891393147409,3367.41015625,27,39249
0.001004446647129953,3214.408203125,27,39299
0.0015777578810229897,2666.513671875,27,39349
0.006199043244123459,2983.66552734375,27,39399
0.0022630721796303988,3866.88525390625,27,39449
0.004532754886895418,2413.60302734375,27,39499
0.0036787979770451784,3722.43798828125,27,39549
0.014888925477862358,3505.43701171875,27,39599
0.011373553425073624,2481.663330078125,27,39649
0.00018501878366805613,3701.73095703125,27,39699
0.00020132563076913357,2387.07373046875,27,39749
9.26951615838334e-05,2543.111572265625,27,39799
0.013309807516634464,3690.60888671875,27,39849
0.0687989592552185,3530.681640625,27,39899
0.01466925535351038,2686.5341796875,27,39949
0.11835887283086777,2711.23828125,27,39999
5.5775049986550584e-05,3810.712158203125,27,40049
0.000554893456865102,3718.17138671875,27,40099
0.0006825010059401393,4106.689453125,27,40149
0.022672263905405998,3335.32666015625,27,40199
2.928276990132872e-05,3519.281982421875,28,40249
0.0002510041231289506,4284.7587890625,28,40299
0.00024049979401752353,3150.14697265625,28,40349
0.04911409318447113,3111.23486328125,28,40399
0.00011361142242094502,3244.7197265625,28,40449
0.0015383879654109478,3500.266357421875,28,40499
0.025311054661870003,3775.7958984375,28,40549
0.00014573236694559455,2797.84033203125,28,40599
0.0014896205393597484,2384.74853515625,28,40649
0.00036256713792681694,2533.81298828125,28,40699
0.0010115812765434384,2195.242919921875,28,40749
0.0028100423514842987,3500.0791015625,28,40799
0.00845697894692421,2130.82568359375,28,40849
0.0002022355911321938,3679.888671875,28,40899
0.005806417670100927,3074.93212890625,28,40949
0.0018141091568395495,3215.952392578125,28,40999
0.001085650990717113,3303.44091796875,28,41049
0.00016935468011070043,3061.42626953125,28,41099
0.015220247209072113,3724.63330078125,28,41149
0.003620026633143425,3456.720458984375,28,41199
0.0034961195196956396,3985.18896484375,28,41249
0.031780339777469635,3326.861328125,28,41299
0.02857370302081108,2954.21484375,28,41349
0.09622236341238022,3776.060546875,28,41399
0.07555989176034927,2571.93359375,28,41449
0.06055424362421036,3446.462158203125,28,41499
0.1629376858472824,2724.3974609375,28,41549
0.02880561538040638,3290.65869140625,28,41599
0.08627070486545563,3425.08251953125,28,41649
0.03662262111902237,3013.59716796875,29,41699
0.10877176374197006,3335.857177734375,29,41749
0.12951453030109406,3368.63134765625,29,41799
0.1525079756975174,4029.57763671875,29,41849
0.026360061019659042,3456.902587890625,29,41899
0.0001592238841112703,2539.90283203125,29,41949
0.06292896717786789,2641.552001953125,29,41999
0.011298693716526031,2812.102294921875,29,42049
0.0004429251130204648,3337.72216796875,29,42099
0.00030626359512098134,2692.219970703125,29,42149
0.012809262610971928,3770.73046875,29,42199
0.1278674155473709,2961.800048828125,29,42249
0.00712218414992094,3000.093505859375,29,42299
0.03432868421077728,3323.783935546875,29,42349
0.021738983690738678,2416.835693359375,29,42399
0.0029961587861180305,3903.447998046875,29,42449
0.0020272822584956884,3481.032470703125,29,42499
0.0010499219642952085,3363.08447265625,29,42549
0.16740185022354126,2429.81103515625,29,42599
0.004913038108497858,3400.9921875,29,42649
0.15685692429542542,2791.94775390625,29,42699
0.00858877133578062,3657.6162109375,29,42749
0.09666475653648376,3657.13818359375,29,42799
0.019919149577617645,3677.512939453125,29,42849
0.0022966316901147366,4066.53564453125,29,42899
0.012519230134785175,3235.83935546875,29,42949
0.016477031633257866,2343.736083984375,29,42999
0.0690278634428978,2912.603515625,29,43049
0.10917873680591583,2469.627197265625,29,43099
0.06822483986616135,3009.869384765625,30,43149
0.21682745218276978,2881.178466796875,30,43199
0.14318908751010895,2895.90283203125,30,43249
0.10549867898225784,2603.6845703125,30,43299
0.003348672529682517,3860.64990234375,30,43349
0.20535233616828918,2862.52294921875,30,43399
0.15867920219898224,3482.599609375,30,43449
0.013708951883018017,3735.684814453125,30,43499
0.0018684229580685496,3521.544677734375,30,43549
0.0007014861330389977,2675.26708984375,30,43599
0.00421945983543992,3542.08203125,30,43649
0.06347858160734177,2711.458740234375,30,43699
0.010691644623875618,3760.621337890625,30,43749
0.0005428672302514315,3401.339111328125,30,43799
0.05194675177335739,3401.41796875,30,43849
0.031206868588924408,2731.6064453125,30,43899
0.1902056187391281,3215.580078125,30,43949
0.04290630295872688,3808.59375,30,43999
0.02872377820312977,2380.61962890625,30,44049
0.15546172857284546,3756.8359375,30,44099
0.05389395356178284,3822.837890625,30,44149
0.05273117870092392,3024.38623046875,30,44199
0.013602501712739468,2718.611572265625,30,44249
0.017953814938664436,2883.78662109375,30,44299
0.003329392522573471,3883.36865234375,30,44349
0.00418052775785327,3986.74755859375,30,44399
0.00661678658798337,3838.6708984375,30,44449
0.0034963481593877077,3520.982666015625,30,44499
0.015199219807982445,2532.29931640625,31,44549
0.007853006944060326,3189.83154296875,31,44599
0.1536182314157486,3151.26220703125,31,44649
0.006998852360993624,2860.9638671875,31,44699
0.005785639397799969,2447.26904296875,31,44749
0.0009329696767963469,3838.80810546875,31,44799
0.00116054923273623,3236.772216796875,31,44849
0.009954165667295456,2882.7880859375,31,44899
0.002961760852485895,3746.84619140625,31,44949
0.017016181722283363,2843.79638671875,31,44999
0.013392355293035507,3287.7490234375,31,45049
0.005972385872155428,3583.73681640625,31,45099
0.06883306056261063,3272.7509765625,31,45149
0.13800150156021118,2999.85205078125,31,45199
0.02114913798868656,4349.8037109375,31,45249
0.009711197577416897,3813.434326171875,31,45299
0.02221735008060932,2777.69580078125,31,45349
0.009404001757502556,3236.84912109375,31,45399
0.003022492164745927,2543.556640625,31,45449
0.0394635945558548,4001.97509765625,31,45499
0.013617045246064663,3031.68505859375,31,45549
0.0014501949772238731,3024.45068359375,31,45599
0.009024245664477348,3871.494384765625,31,45649
0.007507988251745701,3841.52294921875,31,45699
0.015244421549141407,2606.61083984375,31,45749
0.004107395187020302,3312.385009765625,31,45799
0.012662268243730068,2278.755126953125,31,45849
0.015131683088839054,2494.63525390625,31,45899
0.004712208174169064,3380.046875,31,45949
0.003435083432123065,3735.845703125,32,45999
0.022859571501612663,4261.7333984375,32,46049
0.006337749306112528,2604.57080078125,32,46099
0.007382870186120272,2852.8544921875,32,46149
0.07747575640678406,3668.659912109375,32,46199
0.14771971106529236,2775.7607421875,32,46249
0.005307559389621019,3558.0498046875,32,46299
0.027209298685193062,2900.662109375,32,46349
0.0022268048487603664,3318.063720703125,32,46399
0.003917470574378967,3020.9921875,32,46449
0.011457150802016258,4041.7958984375,32,46499
0.13412880897521973,3132.6181640625,32,46549
0.006749771535396576,3813.8193359375,32,46599
0.007872638292610645,3556.630126953125,32,46649
0.0010371030075475574,3657.199951171875,32,46699
0.08186501264572144,3872.891845703125,32,46749
0.0018532833782956004,2778.443359375,32,46799
0.0012154808500781655,2958.662109375,32,46849
0.08191438019275665,2360.69189453125,32,46899
0.014128891751170158,3871.773193359375,32,46949
0.006576117128133774,2835.337890625,32,46999
0.021329523995518684,3627.61083984375,32,47049
0.00649916660040617,3276.686279296875,32,47099
0.05128810554742813,2872.641845703125,32,47149
0.04160338640213013,3420.57763671875,32,47199
0.13797862827777863,2260.65673828125,32,47249
0.03021414764225483,2923.803955078125,32,47299
0.019001970067620277,3037.693115234375,32,47349
0.10688026994466782,4023.7568359375,32,47399
0.17885571718215942,2637.517578125,33,47449
0.005905378144234419,3917.932861328125,33,47499
0.004170658532530069,2662.21923828125,33,47549
0.02011621743440628,3584.33447265625,33,47599
0.023559829220175743,3162.40869140625,33,47649
0.01318320631980896,3364.503662109375,33,47699
0.0005583962192758918,2576.731689453125,33,47749
0.0017150253988802433,2924.17236328125,33,47799
0.04583022743463516,2732.500244140625,33,47849
0.03769427165389061,3838.6416015625,33,47899
0.002546238014474511,3584.00830078125,33,47949
0.013471107929944992,3110.98876953125,33,47999
0.008596308529376984,3507.8515625,33,48049
0.021115928888320923,2446.273193359375,33,48099
0.000540251552592963,2882.173828125,33,48149
0.00916039478033781,2492.712890625,33,48199
0.007728890050202608,2663.267578125,33,48249
0.020868780091404915,3521.491455078125,33,48299
0.10938986390829086,3157.7802734375,33,48349
0.006145435851067305,3011.93212890625,33,48399
0.018830809742212296,3656.450927734375,33,48449
0.004782573785632849,3921.674072265625,33,48499
0.1841520220041275,3614.6650390625,33,48549
0.029461320489645004,4052.39697265625,33,48599
0.009378290735185146,3012.818359375,33,48649
0.004507214296609163,3787.3505859375,33,48699
0.00518379220739007,2717.4130859375,33,48749
0.017486823722720146,3874.453125,33,48799
0.003000306198373437,3350.32958984375,33,48849
0.0007252097711898386,2111.315673828125,34,48899
0.0052614533342421055,3876.5029296875,34,48949
0.0011594663374125957,3095.578857421875,34,48999
0.022459961473941803,3774.832275390625,34,49049
0.009793605655431747,3066.316162109375,34,49099
0.025057373568415642,3873.6376953125,34,49149
0.008538985624909401,2532.4599609375,34,49199
0.0008468985906802118,3449.24951171875,34,49249
0.015107804909348488,3304.884765625,34,49299
0.0018173089483752847,2485.400390625,34,49349
0.00043230754090473056,2874.5205078125,34,49399
0.026613328605890274,3738.462646484375,34,49449
0.00010664165893103927,3542.8662109375,34,49499
4.796982102561742e-05,3211.623291015625,34,49549
0.00029324591741897166,3521.49609375,34,49599
3.4086904634023085e-05,3619.52978515625,34,49649
0.016742203384637833,2651.56787109375,34,49699
0.0016250958433374763,3157.2255859375,34,49749
0.013522513210773468,3032.91796875,34,49799
0.03061571903526783,3694.26123046875,34,49849
0.00012675226025748998,2530.3857421875,34,49899
0.00019418797455728054,3075.42041015625,34,49949
0.00868969690054655,3254.77978515625,34,49999
0.006318546831607819,3673.24365234375,34,50049
0.0007007420645095408,3750.716796875,34,50099
0.0056431046687066555,2920.009765625,34,50149
0.00015153686399571598,3619.48486328125,34,50199
0.01121880579739809,3414.104736328125,34,50249
0.002491793129593134,3170.265625,35,50299
0.004196478053927422,3143.73681640625,35,50349
0.006626377813518047,3068.5849609375,35,50399
0.0009881765581667423,2648.561279296875,35,50449
9.566049266140908e-05,2974.47119140625,35,50499
0.0003011614317074418,2840.76171875,35,50549
0.059170208871364594,3203.921875,35,50599
0.0006682495586574078,2987.32373046875,35,50649
0.00510691711679101,3298.26123046875,35,50699
0.004827849101275206,3303.62646484375,35,50749
0.00029523472767323256,3866.90087890625,35,50799
3.800293052336201e-05,2329.779296875,35,50849
0.0023448856081813574,4625.07763671875,35,50899
0.00021947127243038267,3270.88525390625,35,50949
0.0003788819012697786,2755.764404296875,35,50999
0.053522177040576935,2870.54150390625,35,51049
0.0002800723013933748,3751.603515625,35,51099
4.309714131522924e-05,3072.993896484375,35,51149
0.002273515099659562,3893.716796875,35,51199
0.018704567104578018,3380.022705078125,35,51249
0.0033195586875081062,2637.778076171875,35,51299
0.0011836618650704622,3080.311767578125,35,51349
0.003918632864952087,3500.0576171875,35,51399
0.005647918675094843,3979.9423828125,35,51449
3.594160261854995e-06,2725.6181640625,35,51499
0.0006937722791917622,3094.7802734375,35,51549
0.0005263835191726685,3656.171875,35,51599
0.08189792931079865,3152.56787109375,35,51649
0.004064308013767004,2686.009765625,35,51699
0.018233519047498703,3900.617919921875,36,51749
0.003061091061681509,3520.203369140625,36,51799
0.0003382305440027267,2862.542724609375,36,51849
0.0029101939871907234,2886.06640625,36,51899
0.003332653781399131,2985.17236328125,36,51949
0.0016414682613685727,3244.334716796875,36,51999
0.00113927130587399,3545.7001953125,36,52049
0.007181614171713591,3166.14453125,36,52099
0.00015779137902427465,3638.982421875,36,52149
0.009706346318125725,3187.4716796875,36,52199
0.0002646595239639282,3845.0830078125,36,52249
0.018535159528255463,2149.68310546875,36,52299
0.032593365758657455,3114.18701171875,36,52349
0.00044320427696220577,2769.296630859375,36,52399
4.471441206987947e-05,2650.095703125,36,52449
0.03606279939413071,3419.891845703125,36,52499
0.15577848255634308,3811.170166015625,36,52549
0.0015623242361471057,2851.092529296875,36,52599
0.008075843565165997,3234.24755859375,36,52649
0.012704737484455109,3052.15625,36,52699
0.01157792191952467,2778.091552734375,36,52749
7.577737414976582e-05,2908.76220703125,36,52799
0.017392724752426147,3874.72998046875,36,52849
3.479023871477693e-05,3220.64697265625,36,52899
0.04042724892497063,3465.08544921875,36,52949
0.01562205608934164,2517.79736328125,36,52999
0.04559134319424629,3737.166259765625,36,53049
0.013771720230579376,2372.9501953125,36,53099
0.010556031949818134,3570.57666015625,36,53149
0.0029892197344452143,2481.79833984375,37,53199
0.0011144380550831556,3230.603515625,37,53249
0.011863886378705502,3247.811279296875,37,53299
0.0011112242937088013,3692.43408203125,37,53349
0.0005793870077468455,3348.65625,37,53399
0.030034534633159637,3271.43505859375,37,53449
0.003406168194487691,3989.5341796875,37,53499
0.00013706486788578331,3563.72412109375,37,53549
0.0013322423910722136,3692.1181640625,37,53599
0.0005267789238132536,2711.474609375,37,53649
7.99993722466752e-06,3868.7001953125,37,53699
0.0002205719647463411,2494.417724609375,37,53749
6.934801785973832e-05,3305.402099609375,37,53799
4.6635668695671484e-05,3006.75537109375,37,53849
0.0001538256910862401,3468.489013671875,37,53899
2.9504300869120925e-07,4349.4892578125,37,53949
3.407398935451056e-06,2637.4716796875,37,53999
2.670387584657874e-05,3590.69189453125,37,54049
1.1702379651978845e-06,3920.91650390625,37,54099
2.1358331991905288e-07,3834.421630859375,37,54149
1.738468853318409e-07,3488.498046875,37,54199
2.7954579309152905e-06,3714.039306640625,37,54249
0.00012853842054028064,2842.412109375,37,54299
0.002563667483627796,3715.442626953125,37,54349
0.013332461938261986,3114.75341796875,37,54399
2.2043785065761767e-05,2570.994140625,37,54449
1.899103335745167e-05,2925.990234375,37,54499
0.003069147700443864,2813.503662109375,37,54549
0.013817093335092068,2885.659912109375,37,54599
1.773337680788245e-05,2881.95947265625,38,54649
1.1596083822951186e-05,3288.910888671875,38,54699
0.011168977245688438,3093.883056640625,38,54749
0.00012619694462046027,3843.730224609375,38,54799
0.003493410535156727,2814.98828125,38,54849
0.001138300751335919,3047.31396484375,38,54899
0.00016853412671480328,3509.00048828125,38,54949
7.059177278279094e-06,2457.050537109375,38,54999
1.370906943520822e-07,3378.491455078125,38,55049
0.0014922033296898007,2953.52001953125,38,55099
0.0005482356064021587,2719.98046875,38,55149
0.0003882189921569079,3077.83642578125,38,55199
1.314381825068267e-05,2803.652099609375,38,55249
1.1006991371687036e-06,3140.457763671875,38,55299
2.5426348656765185e-05,3013.471923828125,38,55349
0.000101454061223194,2651.6591796875,38,55399
0.005854601971805096,4653.5927734375,38,55449
5.2640839385276195e-06,3855.8310546875,38,55499
7.848938366805669e-06,2725.9677734375,38,55549
0.00019959411292802542,3861.07373046875,38,55599
0.00017286042566411197,3477.6474609375,38,55649
4.507998892222531e-05,2725.737060546875,38,55699
0.002018987201154232,3501.6259765625,38,55749
0.001157074235379696,3873.1015625,38,55799
0.00027464432059787214,2930.65625,38,55849
0.00022267502208705992,3839.125244140625,38,55899
0.014966800808906555,2751.50732421875,38,55949
0.0008462697733193636,3063.888671875,38,55999
0.00042562189628370106,3686.974853515625,39,56049
6.474554538726807e-05,3494.2431640625,39,56099
0.008625505492091179,4410.5673828125,39,56149
0.01556388009339571,3066.91259765625,39,56199
0.009536267258226871,3155.696044921875,39,56249
1.390775139498146e-08,2777.3798828125,39,56299
7.875761184550356e-06,3313.442138671875,39,56349
0.00010449787805555388,3548.134521484375,39,56399
0.0008838663925416768,3142.677734375,39,56449
8.940697071579962e-09,3607.52392578125,39,56499
2.8918188945681322e-06,2744.374755859375,39,56549
1.2367964927761932e-06,3688.61083984375,39,56599
0.00938201230019331,2692.328857421875,39,56649
6.357829107628277e-08,2723.43505859375,39,56699
0.00010055900202132761,2604.43603515625,39,56749
7.701417052885517e-05,2909.5244140625,39,56799
0.0001428385585313663,3872.3037109375,39,56849
0.002223128220066428,3152.3203125,39,56899
1.8755596329356194e-06,3520.454833984375,39,56949
0.001988450763747096,3448.3369140625,39,56999
0.00029339196044020355,2527.41064453125,39,57049
0.0002453367051202804,3802.4345703125,39,57099
0.001436348888091743,3381.154541015625,39,57149
0.00993953924626112,3629.04052734375,39,57199
1.369913479720708e-05,2925.549072265625,39,57249
4.33464883826673e-05,2660.95654296875,39,57299
0.0002154479589080438,4136.7119140625,39,57349
0.005605824291706085,2617.0498046875,39,57399
0.00033580363378860056,2626.0888671875,39,57449
0.00878510344773531,2463.0947265625,40,57499
0.005081461276859045,2963.1845703125,40,57549
4.3123964132973924e-06,2972.211669921875,40,57599
0.005340575240552425,4051.09912109375,40,57649
0.008670997805893421,3810.0126953125,40,57699
0.014140285551548004,2954.06396484375,40,57749
1.331170409457627e-07,3568.154541015625,40,57799
2.7775765829574084e-06,3476.68603515625,40,57849
0.00347128720022738,3518.104248046875,40,57899
0.013067934662103653,4061.1259765625,40,57949
3.774961143676592e-08,3487.6064453125,40,57999
0.0035107831936329603,2578.281494140625,40,58049
0.02147652395069599,2467.1357421875,40,58099
2.3593506739416625e-06,3701.447265625,40,58149
0.007523044478148222,2668.48779296875,40,58199
0.0011209329823032022,3749.2900390625,40,58249
2.897779268096201e-06,2495.603271484375,40,58299
0.013639162294566631,2846.29345703125,40,58349
2.474288339726627e-05,3365.046875,40,58399
0.004559955094009638,4443.61083984375,40,58449
0.005501569714397192,2642.48681640625,40,58499
3.675619808518604e-08,3650.926025390625,40,58549
0.02635519951581955,3295.6083984375,40,58599
0.0020859958603978157,3556.5947265625,40,58649
3.973643192267673e-09,3044.646484375,40,58699
3.5762788286319847e-08,2686.10009765625,40,58749
0.012337224557995796,3465.543212890625,40,58799
0.007111020386219025,3318.046875,40,58849
2.4852157366694883e-05,3447.79248046875,40,58899
9.369850886287168e-06,3816.52880859375,41,58949
4.027287559438264e-06,3773.642822265625,41,58999
1.124243044614559e-05,2595.381103515625,41,59049
1.0169545930693857e-05,3197.50537109375,41,59099
4.6292942101899826e-07,2884.5087890625,41,59149
6.7121785832569e-05,3002.585693359375,41,59199
0.01024632342159748,3986.660888671875,41,59249
0.005070495884865522,3602.723388671875,41,59299
0.004479961935430765,3389.53466796875,41,59349
0.01247687079012394,2462.04150390625,41,59399
0.0051092300564050674,3633.6875,41,59449
0.00011123617878183722,3673.5009765625,41,59499
6.381671028066194e-06,2634.97216796875,41,59549
2.3295483515539672e-06,3592.677734375,41,59599
0.00034507017699070275,4396.505859375,41,59649
0.022202426567673683,2908.27587890625,41,59699
0.00015057822747621685,3130.098876953125,41,59749
0.01119809690862894,3327.47802734375,41,59799
4.959106809110381e-05,2661.60009765625,41,59849
0.000383313512429595,4018.01123046875,41,59899
0.0006363571155816317,3586.8876953125,41,59949
0.0018442572327330709,2797.6640625,41,59999
0.0005831440794281662,3563.652587890625,41,60049
0.0008529206388629973,2995.7080078125,41,60099
0.009292816743254662,3175.259521484375,41,60149
3.671944432426244e-05,3196.96533203125,41,60199
0.00026073158369399607,2195.203125,41,60249
1.3612708244181704e-05,3664.49951171875,41,60299
0.00016696851525921375,2111.5966796875,41,60349
0.0037030461244285107,2612.5947265625,42,60399
0.022917762398719788,3038.25927734375,42,60449
0.0010510097490623593,3790.536865234375,42,60499
0.007999400608241558,3278.0927734375,42,60549
0.0015018165577203035,4042.087646484375,42,60599
2.1295747501426376e-05,3587.679443359375,42,60649
0.0016124100657179952,3556.5029296875,42,60699
0.0006056507700122893,3111.53564453125,42,60749
0.01798788458108902,3989.609130859375,42,60799
0.015778465196490288,3785.831787109375,42,60849
0.006051544565707445,2765.50732421875,42,60899
1.0931492397503462e-05,3950.649169921875,42,60949
1.2914340707936844e-08,2722.0869140625,42,60999
0.017528017982840538,3853.28271484375,42,61049
0.004563729278743267,3571.044921875,42,61099
1.0884801667998545e-05,2732.65380859375,42,61149
0.005753460805863142,3475.7578125,42,61199
7.070104857120896e-06,3689.6298828125,42,61249
0.00014460485544987023,3682.5546875,42,61299
0.0028235209174454212,3137.82470703125,42,61349
0.011590659618377686,2329.11083984375,42,61399
0.0028095832094550133,3451.66162109375,42,61449
0.00345761701464653,2130.67578125,42,61499
0.0009274274343624711,3682.656494140625,42,61549
0.009252291172742844,2621.73828125,42,61599
0.0065794410184025764,3078.74267578125,42,61649
0.00032214028760790825,3313.2412109375,42,61699
1.4861425370327197e-06,3819.251953125,42,61749
0.00012116532161599025,2988.67431640625,43,61799
0.00951958168298006,2765.654296875,43,61849
0.01040116511285305,3389.66064453125,43,61899
0.007173336111009121,3761.69921875,43,61949
0.010032622143626213,4136.34619140625,43,61999
5.722046125811175e-07,2814.4697265625,43,62049
1.1790792996180244e-05,3497.8818359375,43,62099
0.00027174653951078653,3815.819580078125,43,62149
0.011181186884641647,3689.892333984375,43,62199
0.0009237448684871197,3401.43408203125,43,62249
0.023280026391148567,2111.630126953125,43,62299
0.025085967034101486,3679.718017578125,43,62349
0.002754251239821315,3716.30810546875,43,62399
0.022208159789443016,2962.658203125,43,62449
2.20636547965114e-06,3763.63037109375,43,62499
2.748866972979158e-05,3578.842041015625,43,62549
0.00068309111520648,2787.3095703125,43,62599
0.02796788327395916,3520.86669921875,43,62649
0.0007258296245709062,3288.57666015625,43,62699
5.079309630673379e-06,3094.4326171875,43,62749
1.8298626400792273e-06,3847.95947265625,43,62799
0.008973845280706882,2643.32080078125,43,62849
2.3201109797810204e-05,3662.335205078125,43,62899
0.020315052941441536,2961.46826171875,43,62949
0.0024324199184775352,3271.3330078125,43,62999
0.000176387038663961,2982.39599609375,43,63049
2.9007594548602356e-07,3647.541015625,43,63099
0.001779461046680808,2570.5380859375,43,63149
8.687079389346763e-05,3276.60205078125,43,63199
2.3172300643636845e-05,3236.803955078125,44,63249
7.854601426515728e-05,3209.10546875,44,63299
0.015272131189703941,2848.2998046875,44,63349
0.000260901462752372,3678.99267578125,44,63399
5.2203736231604125e-06,3349.157470703125,44,63449
0.0006698569050058722,2495.346923828125,44,63499
0.01755349151790142,3409.7353515625,44,63549
0.00020955702348146588,3809.43408203125,44,63599
0.002739963121712208,3143.635498046875,44,63649
0.00612365547567606,3569.919921875,44,63699
0.02607027068734169,3763.531494140625,44,63749
0.014585270546376705,3128.961181640625,44,63799
0.00872125569730997,3603.6025390625,44,63849
0.00034333867370150983,3334.069091796875,44,63899
0.007149653974920511,2413.88037109375,44,63949
0.0006457756389863789,2767.7041015625,44,63999
4.365047061583027e-06,3062.2861328125,44,64049
0.011275725439190865,2872.547607421875,44,64099
0.0008501848205924034,2616.3359375,44,64149
7.730226207058877e-05,3505.16064453125,44,64199
5.900562246097252e-05,3012.392578125,44,64249
0.000857450591865927,2732.9287109375,44,64299
0.010950449854135513,3332.59130859375,44,64349
0.004017956089228392,3295.7021484375,44,64399
0.0005463659763336182,4092.337890625,44,64449
0.012646191753447056,2785.502197265625,44,64499
2.3047130071063293e-07,2237.43408203125,44,64549
2.109011120410287e-06,2862.5166015625,44,64599
0.0009413977968506515,4412.5986328125,44,64649
0.024792684242129326,3128.640625,45,64699
0.00022606055426876992,5055.6943359375,45,64749
0.0021115541458129883,3076.045166015625,45,64799
2.022683656832669e-05,2653.275634765625,45,64849
7.073085157571768e-07,3004.3076171875,45,64899
7.947286576381885e-06,2329.135986328125,45,64949
0.008832442574203014,2677.780029296875,45,64999
0.0001943638053489849,2714.33154296875,45,65049
0.0070487335324287415,2751.859130859375,45,65099
0.000981602119281888,3315.759765625,45,65149
0.0005581260193139315,3110.9033203125,45,65199
0.013026874512434006,3755.642578125,45,65249
0.001203385996632278,2657.9541015625,45,65299
0.002249610610306263,3338.108154296875,45,65349
0.013575430028140545,2839.94287109375,45,65399
0.0045479657128453255,3520.25244140625,45,65449
0.005416436120867729,3786.0205078125,45,65499
0.00756264291703701,3002.2353515625,45,65549
0.0036781858652830124,4875.32275390625,45,65599
0.0038992983754724264,3690.097900390625,45,65649
2.169509753002785e-05,3911.7138671875,45,65699
0.004946921486407518,3642.439697265625,45,65749
0.01592959091067314,3179.53076171875,45,65799
0.00035867394763045013,2982.875732421875,45,65849
0.0004898806801065803,3495.102783203125,45,65899
0.011436324566602707,3022.107421875,45,65949
0.011958139948546886,2149.5927734375,45,65999
0.0014797926414757967,2490.721435546875,45,66049
0.0011882385006174445,3927.41796875,45,66099
0.01622963324189186,3363.471923828125,46,66149
0.015398431569337845,2600.55517578125,46,66199
0.0060090068727731705,4899.68017578125,46,66249
0.00026931564207188785,3891.45166015625,46,66299
0.008987000212073326,3233.36474609375,46,66349
0.0036548576317727566,3786.357666015625,46,66399
0.0007233769283629954,3068.50439453125,46,66449
7.106860721250996e-06,3494.545654296875,46,66499
0.005624048411846161,2963.44287109375,46,66549
0.0007442544447258115,3619.967041015625,46,66599
0.00018507838831283152,2226.18505859375,46,66649
0.00022030275431461632,3589.318359375,46,66699
0.009145318530499935,2862.8837890625,46,66749
0.0030151805840432644,3779.06884765625,46,66799
0.008903402835130692,3542.701416015625,46,66849
4.857778890254849e-07,3579.3173828125,46,66899
0.008544105105102062,4571.3505859375,46,66949
0.0014922083355486393,2364.309814453125,46,66999
0.00727226585149765,3400.24560546875,46,67049
0.001565165352076292,3325.08544921875,46,67099
0.0005193611141294241,2350.540771484375,46,67149
0.0027537993155419827,3283.89599609375,46,67199
0.00011644761252682656,3034.31298828125,46,67249
0.00016919474001042545,3325.43994140625,46,67299
0.00040732722845859826,2452.78662109375,46,67349
0.0001191367773571983,3311.2646484375,46,67399
0.00389442453160882,2471.873046875,46,67449
0.0008225222700275481,3642.388916015625,46,67499
0.0016036521410569549,3543.395263671875,47,67549
0.006517947185784578,3676.049072265625,47,67599
0.00027113460237160325,2779.094970703125,47,67649
0.0062608495354652405,3788.4287109375,47,67699
0.0007032533758319914,3190.53271484375,47,67749
0.013434668071568012,3163.2255859375,47,67799
0.007010356057435274,2717.30615234375,47,67849
0.002668087836354971,2960.40087890625,47,67899
0.0009643376106396317,3728.39306640625,47,67949
0.019493846222758293,3996.54638671875,47,67999
1.3438861060421914e-05,3020.07421875,47,68049
0.01200073678046465,3358.156494140625,47,68099
0.0057152919471263885,2963.765625,47,68149
0.03837773576378822,3661.06689453125,47,68199
0.016790417954325676,4059.2568359375,47,68249
0.004089015070348978,3626.79345703125,47,68299
0.01451838482171297,3903.78271484375,47,68349
0.002016482874751091,2379.305908203125,47,68399
0.009225218556821346,2523.1103515625,47,68449
1.7267466319026425e-05,3118.9912109375,47,68499
0.0019379348959773779,3654.13671875,47,68549
0.004480947274714708,3273.745849609375,47,68599
0.0033577573485672474,2774.54052734375,47,68649
0.0008127272594720125,3385.161376953125,47,68699
0.00896794069558382,2415.45361328125,47,68749
0.02702435664832592,3189.107177734375,47,68799
0.0009085903875529766,3101.37646484375,47,68849
0.014596947468817234,3409.2880859375,47,68899
0.013498879037797451,3554.67138671875,47,68949
0.008607015013694763,3261.27978515625,48,68999
0.0008064319845288992,3381.45263671875,48,69049
0.009874495677649975,3229.29833984375,48,69099
0.0011296720476821065,2453.419921875,48,69149
0.0012468110071495175,3902.612060546875,48,69199
0.0002443810517434031,2494.316162109375,48,69249
0.003139880485832691,3451.6591796875,48,69299
0.0003724108391907066,3615.380615234375,48,69349
3.893177108693635e-06,4326.37841796875,48,69399
0.0002151300577679649,2763.30615234375,48,69449
0.0003136644954793155,3410.31884765625,48,69499
0.008352380245923996,2718.36962890625,48,69549
0.015982162207365036,3079.37255859375,48,69599
0.005457068793475628,3673.294677734375,48,69649
0.0033224981743842363,2683.89306640625,48,69699
5.9737765695899725e-05,2621.640869140625,48,69749
0.012401223182678223,3455.300048828125,48,69799
0.00116734707262367,3655.40771484375,48,69849
0.0019228608580306172,3737.4140625,48,69899
0.0007298877462744713,3377.41259765625,48,69949
0.000860944448504597,2541.1953125,48,69999
1.6452870113425888e-05,3466.891357421875,48,70049
6.517967267427593e-05,2998.306640625,48,70099
5.5994594731600955e-05,2554.54150390625,48,70149
0.009620747528970242,2547.735107421875,48,70199
0.0003743817505892366,3828.669921875,48,70249
0.01747441291809082,4078.319580078125,48,70299
0.0020061922259628773,2893.068359375,48,70349
0.00044051610166206956,3011.58935546875,48,70399
0.01665024273097515,3178.18896484375,49,70449
0.000132882603793405,3586.381103515625,49,70499
0.0009569585672579706,4751.529296875,49,70549
0.00035687090712599456,3335.9453125,49,70599
0.0031234603375196457,3675.20703125,49,70649
0.000244356197072193,3884.11083984375,49,70699
0.019997403025627136,3539.38232421875,49,70749
0.0001243799924850464,3228.366455078125,49,70799
0.003505092114210129,2882.3583984375,49,70849
0.004628199618309736,3178.074462890625,49,70899
0.030255645513534546,3437.320068359375,49,70949
0.0013645202852785587,2819.263671875,49,70999
0.0002046247391263023,2941.022705078125,49,71049
0.00042116246186196804,2882.2353515625,49,71099
4.6590967031079344e-06,3145.22900390625,49,71149
1.5107791114132851e-05,3974.2314453125,49,71199
4.950165930495132e-06,3455.669677734375,49,71249
2.5568406272213906e-05,3767.33154296875,49,71299
0.011889691464602947,2974.62158203125,49,71349
0.008411196060478687,2467.06982421875,49,71399
4.314184479881078e-05,2716.994140625,49,71449
1.5884638742136303e-06,3796.64990234375,49,71499
0.021824246272444725,2102.508056640625,49,71549
3.9180122257675976e-06,3162.997314453125,49,71599
6.3002112256072e-06,3212.75244140625,49,71649
0.0005477895610965788,3610.700439453125,49,71699
3.5186610602977453e-06,2872.8701171875,49,71749
7.318457392102573e-06,3579.8857421875,49,71799
0.01363564096391201,3126.93310546875,49,71849
0.013357898220419884,3491.541015625,50,71899
0.008095826022326946,3642.48388671875,50,71949
0.0004557242209557444,3745.15771484375,50,71999
0.0015737911453470588,3049.650146484375,50,72049
0.023262573406100273,3914.121826171875,50,72099
4.080931375938235e-06,3068.51513671875,50,72149
0.0014315437292680144,2826.5673828125,50,72199
0.00013130804290995002,3124.451416015625,50,72249
0.013921176083385944,2533.384765625,50,72299
0.004110216163098812,3094.42138671875,50,72349
0.001593626569956541,3498.711669921875,50,72399
6.193121953401715e-05,2566.35546875,50,72449
3.10073301079683e-05,3547.237548828125,50,72499
0.014485770836472511,4090.2353515625,50,72549
0.002553330035880208,3972.904052734375,50,72599
1.5288592294382397e-06,2611.20947265625,50,72649
0.0002860446984414011,3235.583251953125,50,72699
0.00920503307133913,2919.966796875,50,72749
0.023032715544104576,2329.387451171875,50,72799
0.0024897498078644276,2279.60791015625,50,72849
0.00021505555196199566,3769.405517578125,50,72899
5.157789018994663e-06,3296.47705078125,50,72949
4.513065050559817e-06,3319.010498046875,50,72999
2.5450191969866864e-05,3510.03515625,50,73049
0.00034556491300463676,4026.411376953125,50,73099
8.106728637358174e-05,3365.460693359375,50,73149
0.0005666534416377544,3791.228271484375,50,73199
0.00014329950499814004,3294.23095703125,50,73249
0.1592472344636917,2686.5263671875,51,73299
4.58061731478665e-06,3626.452880859375,51,73349
8.531710045645013e-05,3283.20068359375,51,73399
0.014841274358332157,4010.65625,51,73449
1.778503428795375e-05,3161.2333984375,51,73499
4.3153763726877514e-06,2772.220458984375,51,73549
3.0389430321520194e-05,3310.69287109375,51,73599
0.0013219437096267939,3973.29638671875,51,73649
0.00013703605509363115,2769.596435546875,51,73699
0.016948265954852104,3064.755859375,51,73749
0.0010136038763448596,2386.926025390625,51,73799
4.5279662117536645e-06,2964.2021484375,51,73849
5.2223604143364355e-06,3563.6513671875,51,73899
0.0018864900339394808,2495.4033203125,51,73949
3.649095742730424e-05,3367.2236328125,51,73999
0.00042421818943694234,3273.74609375,51,74049
1.4543534234690014e-06,2616.2734375,51,74099
4.7485036702710204e-07,3390.209716796875,51,74149
4.182259374374553e-07,3186.15966796875,51,74199
4.9957634473685175e-05,2619.11083984375,51,74249
4.784763223142363e-05,3548.1044921875,51,74299
2.326667345187161e-05,3606.166015625,51,74349
0.004727024119347334,3638.91748046875,51,74399
3.1530857995676342e-06,3234.509765625,51,74449
0.002129209227859974,2804.4638671875,51,74499
1.151859851233894e-05,3577.16259765625,51,74549
0.002386712236329913,3502.664794921875,51,74599
2.16364878724562e-06,4820.330078125,51,74649
0.028456585481762886,2491.22265625,51,74699
0.03324749693274498,3766.705078125,52,74749
0.004585904069244862,3085.14453125,52,74799
1.3813377336191479e-05,3579.24755859375,52,74849
5.718072770832805e-06,2351.81494140625,52,74899
0.009513665921986103,3751.24365234375,52,74949
8.240342140197754e-06,3764.582275390625,52,74999
0.0004735867551062256,2691.333984375,52,75049
0.00015884738240856677,3322.29296875,52,75099
0.009886329993605614,2662.6474609375,52,75149
0.0005038470262661576,3053.466796875,52,75199
0.0009466380579397082,3127.3798828125,52,75249
4.921257641399279e-05,3973.2080078125,52,75299
6.155968003440648e-05,4430.89111328125,52,75349
0.021475117653608322,3770.7802734375,52,75399
4.145602724747732e-05,3355.2861328125,52,75449
0.012372060678899288,3788.26513671875,52,75499
0.004312003962695599,3062.633056640625,52,75549
0.00517648970708251,2495.8271484375,52,75599
0.05011644959449768,3793.626220703125,52,75649
0.06055128946900368,3015.352294921875,52,75699
0.029166609048843384,3973.033447265625,52,75749
0.0031639726366847754,3627.433349609375,52,75799
0.014916383661329746,2555.85400390625,52,75849
0.001327156089246273,2961.834716796875,52,75899
0.001181259867735207,3627.5009765625,52,75949
0.043849773705005646,3454.62353515625,52,75999
0.01856355369091034,3177.0234375,52,76049
0.007540078368037939,3296.04345703125,52,76099
0.005844744388014078,2407.525634765625,52,76149
0.004384737461805344,3362.30859375,53,76199
0.00017497838416602463,3927.2802734375,53,76249
0.00029742519836872816,2730.210205078125,53,76299
0.006909108720719814,3799.15380859375,53,76349
0.0002978682750836015,3821.890380859375,53,76399
0.00022936663299333304,3077.8583984375,53,76449
0.0014103970024734735,3291.193359375,53,76499
0.0010403564665466547,4312.462890625,53,76549
0.006591327488422394,3587.31103515625,53,76599
0.009113880805671215,3518.37451171875,53,76649
0.048190195113420486,2361.26318359375,53,76699
1.55717134475708e-05,3288.351806640625,53,76749
0.0005615453119389713,3866.95556640625,53,76799
0.000361498212441802,2775.830078125,53,76849
2.0851691715506604e-06,2909.7744140625,53,76899
0.020723510533571243,4091.259521484375,53,76949
0.0346660315990448,2714.61474609375,53,76999
0.0064559513702988625,2648.238037109375,53,77049
0.00033984583569690585,3769.473388671875,53,77099
0.023738067597150803,2540.960205078125,53,77149
0.00829297211021185,4141.0673828125,53,77199
0.002896601101383567,3458.42578125,53,77249
0.0016621937975287437,2390.9892578125,53,77299
0.03930973261594772,3862.719482421875,53,77349
0.02418053336441517,3300.420654296875,53,77399
0.008555252104997635,3436.4951171875,53,77449
0.016229728236794472,2453.767822265625,53,77499
0.003739967243745923,3677.38134765625,53,77549
0.0005104929441586137,2716.88525390625,54,77599
0.021017413586378098,3185.34716796875,54,77649
0.047749679535627365,2430.89013671875,54,77699
0.00012057324784109369,2553.46875,54,77749
0.0023560624103993177,3803.737060546875,54,77799
0.016115281730890274,3020.6083984375,54,77849
0.009264855645596981,3051.96337890625,54,77899
0.004115331452339888,3479.302490234375,54,77949
2.5606157578295097e-05,2673.3037109375,54,77999
0.004091177601367235,3385.258544921875,54,78049
0.007367538753896952,3802.2958984375,54,78099
0.010275070555508137,2767.59228515625,54,78149
0.012333488091826439,3453.43212890625,54,78199
0.016537131741642952,3127.72216796875,54,78249
0.0025173823814839125,3288.166015625,54,78299
0.0016818455187603831,3677.35595703125,54,78349
0.12476116418838501,2663.989013671875,54,78399
0.001562746474519372,3812.2529296875,54,78449
0.00050195655785501,3386.968505859375,54,78499
0.02407977730035782,2591.651611328125,54,78549
0.00014359952183440328,3332.487060546875,54,78599
0.0008010814781300724,3078.9931640625,54,78649
0.0006737918010912836,3060.117431640625,54,78699
0.017794713377952576,3379.675048828125,54,78749
0.0016677032690495253,2666.078125,54,78799
0.03642801195383072,3497.4443359375,54,78849
0.021773913875222206,2840.12109375,54,78899
0.11457422375679016,2621.502685546875,54,78949
0.024436907842755318,3656.04345703125,54,78999
0.0007749955402687192,3710.9189453125,55,79049
0.0011974136577919126,3499.64501953125,55,79099
0.024235188961029053,2149.10986328125,55,79149
0.018853606656193733,3177.83935546875,55,79199
0.008846620097756386,2903.283203125,55,79249
0.024758372455835342,3455.610595703125,55,79299
0.00024220348859671503,3615.93798828125,55,79349
0.032588016241788864,3810.161865234375,55,79399
1.6066433090600185e-05,3592.3046875,55,79449
0.010230174288153648,2429.646484375,55,79499
4.192193614471762e-07,2826.91015625,55,79549
0.0007724444731138647,3855.3701171875,55,79599
0.02378212660551071,3000.84375,55,79649
0.005748560186475515,3577.7587890625,55,79699
3.439387000980787e-05,3820.642333984375,55,79749
0.001958360429853201,2888.08154296875,55,79799
0.011039952747523785,3364.89404296875,55,79849
0.004437468480318785,3336.62841796875,55,79899
0.03164365142583847,4040.592041015625,55,79949
0.027616426348686218,3269.514892578125,55,79999
0.026652853935956955,3976.02490234375,55,80049
0.032950907945632935,3882.291015625,55,80099
0.0031006624922156334,3489.022216796875,55,80149
0.04908285662531853,3871.3779296875,55,80199
0.003915331792086363,4079.48583984375,55,80249
0.028644176200032234,3156.893798828125,55,80299
0.003376577515155077,3912.5439453125,55,80349
0.014378967694938183,2610.00537109375,55,80399
0.04855779558420181,3803.6982421875,55,80449
0.01793917454779148,2768.22265625,56,80499
0.09218567609786987,2616.46044921875,56,80549
0.05693037435412407,3760.43359375,56,80599
0.01945818029344082,3025.239990234375,56,80649
0.03162745013833046,3391.00634765625,56,80699
0.005131971091032028,3812.0859375,56,80749
0.012697338126599789,2491.30517578125,56,80799
0.046430326998233795,2861.501953125,56,80849
0.015290278941392899,3248.603515625,56,80899
0.0647059977054596,2806.45068359375,56,80949
0.002699224278330803,3838.778564453125,56,80999
0.002878376981243491,2826.40087890625,56,81049
0.03649471700191498,3160.332275390625,56,81099
0.007120881695300341,2413.72119140625,56,81149
0.06177796050906181,3555.39892578125,56,81199
0.04873896762728691,3891.302001953125,56,81249
0.00018269520660396665,3487.3046875,56,81299
0.07627175748348236,3577.29736328125,56,81349
0.026513883844017982,2647.373046875,56,81399
0.046616990119218826,3295.82763671875,56,81449
0.06220492348074913,2148.4990234375,56,81499
0.06014338880777359,2994.3271484375,56,81549
0.058291468769311905,4395.3720703125,56,81599
0.010888990014791489,4060.11279296875,56,81649
0.05814232677221298,2953.44189453125,56,81699
0.013403966091573238,3833.529296875,56,81749
0.0002570530050434172,3674.518310546875,56,81799
0.058095283806324005,3062.26025390625,56,81849
0.05044513940811157,3545.43798828125,56,81899
0.03324226289987564,3799.188232421875,57,81949
0.0019101710058748722,3840.040771484375,57,81999
0.02556808479130268,3051.59619140625,57,82049
0.020079288631677628,3190.361572265625,57,82099
0.0449371412396431,3664.530517578125,57,82149
0.001153519842773676,4699.4306640625,57,82199
0.006675809156149626,2882.36669921875,57,82249
0.003667836543172598,3021.57470703125,57,82299
0.0005410632002167404,2641.18994140625,57,82349
0.0001498421042924747,2994.201171875,57,82399
0.023350149393081665,2941.28564453125,57,82449
0.01797989383339882,4334.76025390625,57,82499
0.06457620114088058,4571.72900390625,57,82549
0.019036544486880302,2246.11962890625,57,82599
0.0077643487602472305,3427.40673828125,57,82649
0.04997314140200615,2248.97412109375,57,82699
0.006614205427467823,3757.529296875,57,82749
0.005930424202233553,3469.61376953125,57,82799
0.007246091496199369,3189.6201171875,57,82849
0.02545074373483658,3661.306640625,57,82899
0.038731303066015244,2168.384521484375,57,82949
0.0023757617454975843,3825.467041015625,57,82999
0.05195064842700958,3388.031005859375,57,83049
0.00039030713378451765,3395.656494140625,57,83099
0.019309958443045616,3063.1728515625,57,83149
4.281600638478267e-07,3814.6064453125,57,83199
0.0028617631178349257,3625.68505859375,57,83249
0.010329068638384342,3456.125732421875,57,83299
0.0005174269317649305,3002.92626953125,58,83349
0.015897320583462715,2648.220947265625,58,83399
0.04152872785925865,3577.94482421875,58,83449
0.0008261561742983758,3507.187744140625,58,83499
0.07688112556934357,3837.75390625,58,83549
0.021252335980534554,2978.96875,58,83599
0.030332639813423157,3030.702392578125,58,83649
0.0019227138254791498,3453.52880859375,58,83699
0.017168741673231125,4098.04638671875,58,83749
0.006627533119171858,2619.6142578125,58,83799
0.010573484934866428,3197.59765625,58,83849
0.0021834573708474636,2910.1328125,58,83899
0.01560122612863779,2309.7431640625,58,83949
0.016687791794538498,3019.45458984375,58,83999
0.009449023753404617,3663.45458984375,58,84049
0.00485205976292491,3749.56982421875,58,84099
0.014731360599398613,3902.3173828125,58,84149
0.04132414236664772,3345.3232421875,58,84199
0.000818553613498807,2605.67626953125,58,84249
0.001978115411475301,2618.029296875,58,84299
0.02125854231417179,3074.44873046875,58,84349
0.02441897988319397,2982.763671875,58,84399
0.039613235741853714,2834.00048828125,58,84449
0.03138607740402222,3712.48388671875,58,84499
0.0006532808765769005,4636.4716796875,58,84549
0.016981666907668114,3738.3095703125,58,84599
0.0157785564661026,3313.85009765625,58,84649
3.5762788286319847e-08,3732.776123046875,58,84699
0.006100586149841547,2657.2265625,58,84749
0.010009309276938438,2940.260498046875,59,84799
0.021290190517902374,3404.56103515625,59,84849
0.0004219581896904856,3063.285888671875,59,84899
0.007432789076119661,3004.02783203125,59,84949
0.002967463107779622,3325.357421875,59,84999
0.002034460660070181,3672.345947265625,59,85049
0.20746533572673798,2484.01513671875,59,85099
0.037603411823511124,2859.209716796875,59,85149
0.002049954840913415,3338.051025390625,59,85199
0.0010047813411802053,3034.03125,59,85249
0.000712623237632215,2497.067138671875,59,85299
0.01109925378113985,3219.568359375,59,85349
0.0021465730387717485,2668.064453125,59,85399
0.016950953751802444,3620.03125,59,85449
0.0002721160708460957,2883.1455078125,59,85499
0.07395704835653305,3883.82275390625,59,85549
0.00735075818374753,3453.44091796875,59,85599
0.007752052508294582,3416.957763671875,59,85649
0.01106640137732029,3576.3515625,59,85699
0.021531658247113228,3705.401123046875,59,85749
0.003992868587374687,4060.51513671875,59,85799
0.003846254199743271,3715.82080078125,59,85849
0.1172625795006752,2887.905029296875,59,85899
0.01603921316564083,3787.492431640625,59,85949
0.0014663488836959004,3524.57275390625,59,85999
0.0005675862776115537,3872.677978515625,59,86049
0.002609631512314081,4338.630859375,59,86099
0.003001261968165636,2885.3955078125,59,86149
0.009525771252810955,4283.3505859375,59,86199
0.008262984454631805,3713.516357421875,60,86249
0.005881245248019695,4051.23583984375,60,86299
7.4257459345972165e-06,3149.470458984375,60,86349
0.027680378407239914,3627.5478515625,60,86399
0.0031717680394649506,3680.5869140625,60,86449
0.0004202256677672267,3062.5830078125,60,86499
0.004315470810979605,3519.166015625,60,86549
0.029749378561973572,3173.817626953125,60,86599
0.008723211474716663,2417.259765625,60,86649
0.013886350207030773,3079.053466796875,60,86699
0.0016414772253483534,2640.173583984375,60,86749
0.005040543619543314,3643.414794921875,60,86799
0.0026198080740869045,3960.61328125,60,86849
0.036671869456768036,3506.49462890625,60,86899
0.029454892501235008,3195.33935546875,60,86949
0.0,2613.077880859375,60,86999
0.018232060596346855,2632.1923828125,60,87049
0.00013812682300340384,2543.04296875,60,87099
0.005767328664660454,3739.050048828125,60,87149
0.04418602213263512,2765.1259765625,60,87199
1.9868215961338365e-09,2714.026123046875,60,87249
0.003975341096520424,2619.4501953125,60,87299
0.010076453909277916,3447.294921875,60,87349
0.00786496326327324,2694.622802734375,60,87399
0.0177848469465971,3810.72265625,60,87449
0.013962618075311184,3489.6337890625,60,87499
0.03978569805622101,2725.845703125,60,87549
0.00010964473767671734,2710.10693359375,60,87599
0.0001948396529769525,3721.29443359375,60,87649
7.133881445042789e-05,3049.7763671875,61,87699
0.017518768087029457,3702.233154296875,61,87749
0.011267226189374924,3154.292724609375,61,87799
5.960465010446114e-09,3282.05029296875,61,87849
0.02618146501481533,3068.0009765625,61,87899
0.019973890855908394,3011.161376953125,61,87949
0.05025281757116318,2676.9423828125,61,87999
0.0002990226203110069,2787.01416015625,61,88049
0.013862748630344868,3808.373779296875,61,88099
0.01614648476243019,4077.52880859375,61,88149
0.018727069720625877,4109.009765625,61,88199
0.01073090173304081,2716.025390625,61,88249
0.04956332594156265,2688.93896484375,61,88299
0.010913798585534096,3111.806640625,61,88349
4.967053879312289e-09,3678.047607421875,61,88399
0.03654150292277336,4653.49853515625,61,88449
3.129244134925102e-07,4002.005859375,61,88499
0.006042697466909885,4098.599609375,61,88549
0.013387545943260193,2602.239990234375,61,88599
0.015749864280223846,2968.665771484375,61,88649
0.0005905837169848382,3045.212890625,61,88699
0.00803918857127428,3485.932861328125,61,88749
0.0016320189461112022,3871.890869140625,61,88799
0.011697465553879738,3838.52734375,61,88849
0.019906355068087578,3578.987060546875,61,88899
0.005132167600095272,2430.783935546875,61,88949
0.032215069979429245,3836.466796875,61,88999
0.0025762380100786686,3297.23291015625,61,89049
0.007813684642314911,2833.428955078125,62,89099
0.010709243826568127,3651.79931640625,62,89149
0.020977292209863663,3666.029052734375,62,89199
0.005231848452240229,3019.646728515625,62,89249
0.0020985982846468687,3486.234375,62,89299
6.904205065438873e-07,3911.02294921875,62,89349
0.014032936654984951,3264.9580078125,62,89399
0.012475659139454365,3536.55029296875,62,89449
1.9967556852407142e-07,4002.76953125,62,89499
1.2149414487794274e-06,3862.108154296875,62,89549
0.0006074518314562738,2578.720947265625,62,89599
0.0006956518045626581,2988.5205078125,62,89649
0.0030009320471435785,3891.19580078125,62,89699
0.0020309817045927048,2820.03662109375,62,89749
0.014358698390424252,2633.9267578125,62,89799
0.0025951089337468147,3436.396240234375,62,89849
0.009521277621388435,3899.988037109375,62,89899
0.034115325659513474,3959.392822265625,62,89949
0.009899428114295006,3461.94091796875,62,89999
0.016952356323599815,3059.372314453125,62,90049
0.01177168544381857,3595.18798828125,62,90099
0.0014501463156193495,2694.022216796875,62,90149
1.5992920452845283e-05,3689.99755859375,62,90199
0.00936179980635643,3797.163818359375,62,90249
2.1996102077537216e-05,2431.04150390625,62,90299
0.000341609149472788,4046.405517578125,62,90349
7.412036939058453e-05,2189.06689453125,62,90399
0.017480740323662758,2650.661865234375,62,90449
0.01643848791718483,3306.97509765625,62,90499
0.001067735836841166,3572.984375,63,90549
0.012047845870256424,2715.90673828125,63,90599
0.015264802612364292,2619.091064453125,63,90649
0.0005834510084241629,3229.841796875,63,90699
0.08768060803413391,2519.804443359375,63,90749
0.01287559699267149,2803.701904296875,63,90799
4.479786002775654e-05,3099.47802734375,63,90849
0.030303295701742172,3810.99853515625,63,90899
0.01604321412742138,2862.60595703125,63,90949
2.3404758394462988e-05,2749.18359375,63,90999
0.003959980793297291,3507.55078125,63,91049
0.008735348470509052,2648.62255859375,63,91099
0.0013124924153089523,3838.01416015625,63,91149
0.010251038707792759,3062.1484375,63,91199
0.001398458145558834,3668.38427734375,63,91249
0.0007687360630370677,3173.7646484375,63,91299
0.012211091816425323,3456.06787109375,63,91349
0.0019118041964247823,3449.035888671875,63,91399
0.0011432538740336895,3482.93115234375,63,91449
0.02041211910545826,2616.267578125,63,91499
0.007624992169439793,3451.083984375,63,91549
0.011072017252445221,2923.435546875,63,91599
0.00047026079846546054,3553.1044921875,63,91649
0.010744591243565083,3175.1171875,63,91699
0.0008378734346479177,2934.43505859375,63,91749
0.00021987459331285208,3742.9462890625,63,91799
0.00023653409152757376,3850.7119140625,63,91849
0.011157366447150707,2881.29931640625,63,91899
0.027103615924715996,2986.03173828125,63,91949
0.014380193315446377,3640.94189453125,64,91999
0.027028843760490417,3017.173828125,64,92049
5.671382041327888e-06,3168.081298828125,64,92099
6.357829107628277e-08,3548.887451171875,64,92149
0.004988892935216427,4201.275390625,64,92199
0.00016841392789501697,3203.993896484375,64,92249
5.3087874221091624e-06,3992.06787109375,64,92299
0.0005717247840948403,3614.05078125,64,92349
0.04266759008169174,3985.431640625,64,92399
0.008151782676577568,2541.4033203125,64,92449
0.016502492129802704,3025.7119140625,64,92499
0.023896457627415657,2701.79638671875,64,92549
0.09314395487308502,3947.385986328125,64,92599
0.017987431958317757,3215.007568359375,64,92649
0.002282140776515007,3698.3623046875,64,92699
0.004083688370883465,3051.869140625,64,92749
0.018183164298534393,3108.402587890625,64,92799
0.019897449761629105,3701.99755859375,64,92849
0.002003578469157219,3007.860107421875,64,92899
0.010831390507519245,2779.42919921875,64,92949
0.032624050974845886,3837.42529296875,64,92999
0.0005676508299075067,3518.275390625,64,93049
0.00469695869833231,3519.25146484375,64,93099
0.01958020217716694,2632.392578125,64,93149
0.022584380581974983,3521.182861328125,64,93199
0.021294232457876205,3275.894287109375,64,93249
0.03460850939154625,3454.08203125,64,93299
0.0008607427589595318,2882.57568359375,64,93349
0.04973774030804634,3360.26904296875,64,93399
5.358159978641197e-05,3108.99853515625,65,93449
0.0041757854633033276,4589.9755859375,65,93499
0.01083796750754118,3378.3349609375,65,93549
0.017176751047372818,3108.2109375,65,93599
9.232760021404829e-06,5053.9951171875,65,93649
0.00592599855735898,2996.48291015625,65,93699
0.02419564500451088,2971.00927734375,65,93749
0.0011745990486815572,3068.3173828125,65,93799
0.005805164109915495,2619.06298828125,65,93849
0.013535895384848118,3316.209228515625,65,93899
0.009617405012249947,2962.23486328125,65,93949
0.004182413220405579,2583.82421875,65,93999
0.0012392114149406552,3067.9619140625,65,94049
0.0002760668867267668,2880.07177734375,65,94099
0.00028731327620334923,3953.981689453125,65,94149
0.015325316227972507,2781.60791015625,65,94199
3.6805870422540465e-06,3295.80029296875,65,94249
0.013515456579625607,3464.57666015625,65,94299
0.0040039620362222195,2841.711669921875,65,94349
0.04647499695420265,3181.5908203125,65,94399
0.00046285989810712636,2329.8291015625,65,94449
2.1597743398160674e-05,3325.73193359375,65,94499
0.0013744821771979332,2642.85302734375,65,94549
0.009273833595216274,3589.148681640625,65,94599
0.011805878020823002,2610.129638671875,65,94649
0.007692270912230015,3428.979736328125,65,94699
0.006907135713845491,2631.96826171875,65,94749
0.014612067490816116,2889.99609375,65,94799
0.01205638237297535,3363.117919921875,66,94849
0.002687642117962241,2389.22412109375,66,94899
0.001171757816337049,3913.25,66,94949
0.002314562676474452,3765.453857421875,66,94999
0.00019221604452468455,4112.9970703125,66,95049
0.006953082978725433,2896.71875,66,95099
0.0013952425215393305,3662.725830078125,66,95149
0.018140913918614388,3535.36083984375,66,95199
1.62124638336536e-06,2508.04345703125,66,95249
0.006690335460007191,2476.120361328125,66,95299
0.009752528741955757,2169.811767578125,66,95349
0.013688596896827221,3969.145263671875,66,95399
0.00015549760428257287,3205.606201171875,66,95449
0.00924783293157816,4000.29345703125,66,95499
0.00030715070897713304,2907.32958984375,66,95549
0.00035015842877328396,3852.04443359375,66,95599
0.017713984474539757,3849.009765625,66,95649
0.007912658154964447,3264.7685546875,66,95699
0.0011446754215285182,3590.613037109375,66,95749
0.004534928128123283,2860.367431640625,66,95799
0.0007172992336563766,2657.781982421875,66,95849
0.0013025086373090744,3450.03173828125,66,95899
0.0038039349019527435,3574.45556640625,66,95949
0.04423711448907852,2415.427490234375,66,95999
0.10084695369005203,3078.1201171875,66,96049
0.0019566139671951532,2770.494873046875,66,96099
0.006143522448837757,2184.085693359375,66,96149
0.02119596302509308,3872.85498046875,66,96199
6.0737136664101854e-05,2632.0234375,66,96249
0.01664707437157631,2841.265625,67,96299
0.002441043732687831,3067.1044921875,67,96349
0.02380610816180706,2872.060791015625,67,96399
0.022712700068950653,2707.084716796875,67,96449
0.030720219016075134,3833.243408203125,67,96499
0.005940500181168318,3653.13671875,67,96549
0.014618604443967342,4468.89892578125,67,96599
0.04355846345424652,3337.99951171875,67,96649
0.0002462675329297781,3387.923828125,67,96699
0.0008458545198664069,3486.259521484375,67,96749
0.04503832012414932,3700.021484375,67,96799
0.016522547230124474,2771.66455078125,67,96849
0.08812742680311203,2811.99560546875,67,96899
0.0006226520054042339,3719.00439453125,67,96949
0.0025272478815168142,3303.90771484375,67,96999
0.01110351737588644,3073.812744140625,67,97049
0.002836549421772361,2861.05029296875,67,97099
0.006780392490327358,3638.311279296875,67,97149
0.0007009009714238346,2795.325439453125,67,97199
0.017449699342250824,3653.0927734375,67,97249
1.2170276022516191e-05,3684.2109375,67,97299
0.00030137301655486226,3203.0078125,67,97349
0.00039623878546990454,3113.149169921875,67,97399
0.0002180794981541112,3190.31005859375,67,97449
0.018053365871310234,2879.7900390625,67,97499
0.02223292738199234,3862.54541015625,67,97549
0.023518189787864685,4006.20654296875,67,97599
0.010381435975432396,3299.22216796875,67,97649
0.016986573114991188,2878.90234375,67,97699
0.01580866053700447,3420.61376953125,68,97749
0.018234988674521446,3384.60595703125,68,97799
0.011334946379065514,2172.26953125,68,97849
0.002056879922747612,3823.008056640625,68,97899
0.012561415322124958,3033.208984375,68,97949
0.00012988051457796246,2785.133056640625,68,97999
0.05748908966779709,2377.520751953125,68,98049
0.009974419139325619,3373.99462890625,68,98099
0.0028651009779423475,3176.025390625,68,98149
0.03733404353260994,3126.4775390625,68,98199
0.02711237408220768,3281.97265625,68,98249
0.0028944741934537888,3500.017578125,68,98299
0.0008553247316740453,2708.244384765625,68,98349
0.006335637532174587,2466.9912109375,68,98399
4.66307028545998e-06,3889.592041015625,68,98449
0.014125867746770382,3644.080078125,68,98499
0.08833635598421097,2897.0380859375,68,98549
0.001167770242318511,3421.082275390625,68,98599
0.060584478080272675,4545.01123046875,68,98649
0.008548744954168797,3465.17578125,68,98699
0.01622096449136734,3466.9912109375,68,98749
0.0033342919778078794,3400.98291015625,68,98799
7.097522757248953e-05,3062.142578125,68,98849
0.0014421493979170918,3445.34423828125,68,98899
0.001705327769741416,3231.034423828125,68,98949
0.00037018657894805074,2601.962890625,68,98999
0.0047720554284751415,4015.02734375,68,99049
5.848408181918785e-05,3683.06982421875,68,99099
0.0007242620340548456,2601.072265625,68,99149
0.010058952495455742,3206.0,69,99199
0.02634585089981556,2864.6337890625,69,99249
0.04098542034626007,3948.337158203125,69,99299
0.018951138481497765,3100.0029296875,69,99349
6.861388828838244e-05,2601.821533203125,69,99399
4.703998638433404e-05,3586.0498046875,69,99449
0.008054619655013084,3137.04296875,69,99499
0.01618434675037861,2899.112060546875,69,99549
0.09778071194887161,3332.795166015625,69,99599
0.010466429404914379,3482.070556640625,69,99649
3.458559513092041e-05,3954.189453125,69,99699
0.00028222304536029696,2908.5830078125,69,99749
0.009482357650995255,3676.31103515625,69,99799
0.013984112069010735,3068.23388671875,69,99849
0.002387435408309102,3028.241943359375,69,99899
0.0001237243413925171,2879.46240234375,69,99949
0.011433095671236515,2328.38134765625,69,99999
6.227195262908936e-05,3321.512939453125,69,100049
0.00953660812228918,3361.279541015625,69,100099
0.0003511091344989836,2248.97119140625,69,100149
0.005694238469004631,3631.153076171875,69,100199
0.006875491701066494,3323.127197265625,69,100249
0.0003025521873496473,3585.8076171875,69,100299
0.0008119911653921008,2945.1494140625,69,100349
3.401438561922987e-06,3575.08984375,69,100399
0.024370890110731125,3737.035888671875,69,100449
0.002281778259202838,3004.896484375,69,100499
0.016258005052804947,3324.297119140625,69,100549
0.0007421365007758141,2662.094482421875,70,100599
0.001594801782630384,3420.273681640625,70,100649
0.007119427435100079,2802.424072265625,70,100699
0.011493736878037453,4074.35009765625,70,100749
0.001794632407836616,3155.76318359375,70,100799
0.0012765418505296111,3617.1064453125,70,100849
0.006971035618335009,3822.195556640625,70,100899
0.0010227432940155268,3203.9365234375,70,100949
0.008010594174265862,2963.07763671875,70,100999
0.0026899627409875393,3970.93115234375,70,101049
0.00011329651169944555,3713.66845703125,70,101099
0.04208347946405411,3209.04736328125,70,101149
0.019659219309687614,2909.50537109375,70,101199
0.007429583463817835,2619.029296875,70,101249
2.0837784177274443e-05,2901.11376953125,70,101299
0.00644195219501853,3652.27197265625,70,101349
1.1508664101711474e-05,2992.08154296875,70,101399
0.0002053022471955046,3443.021484375,70,101449
0.034417618066072464,3694.221435546875,70,101499
0.002468346618115902,3614.044677734375,70,101549
0.0016532600857317448,2719.408935546875,70,101599
0.0008781582582741976,3281.054443359375,70,101649
6.44226884105592e-06,3352.93798828125,70,101699
0.0046595255844295025,2562.12060546875,70,101749
0.005463056266307831,3358.7373046875,70,101799
3.5088261938653886e-05,3853.23193359375,70,101849
0.007564053405076265,3459.50537109375,70,101899
0.018904604017734528,2686.347412109375,70,101949
0.00153621647041291,2387.8505859375,70,101999
0.01479356363415718,2717.2080078125,71,102049
0.00020349424448795617,3297.749267578125,71,102099
7.759531399642583e-06,3725.15966796875,71,102149
0.007845792919397354,2752.02490234375,71,102199
0.018995704129338264,3385.16650390625,71,102249
0.06510894000530243,3483.05712890625,71,102299
0.0008537452085874975,3860.9951171875,71,102349
0.000696120667271316,3869.052734375,71,102399
0.00883220974355936,3288.201171875,71,102449
0.0170530267059803,2641.09716796875,71,102499
0.0017878811340779066,2666.203125,71,102549
0.0025747420731931925,2389.184326171875,71,102599
0.008636961691081524,3326.24169921875,71,102649
0.005607907194644213,3645.177978515625,71,102699
0.02284121699631214,4385.85986328125,71,102749
0.0006406764732673764,2775.28466796875,71,102799
0.0029751411639153957,4325.16650390625,71,102849
0.0005429586162790656,3636.165771484375,71,102899
0.011323679238557816,3078.33740234375,71,102949
0.048342954367399216,3673.17138671875,71,102999
0.03927844390273094,3584.39990234375,71,103049
0.008025492541491985,3586.272705078125,71,103099
0.009875433519482613,3549.66845703125,71,103149
0.00019097825861535966,3615.208984375,71,103199
9.835958917392418e-05,3260.21142578125,71,103249
0.009763013571500778,2665.2255859375,71,103299
0.06050308793783188,3910.0048828125,71,103349
0.012562676332890987,2563.0732421875,71,103399
0.0003422260342631489,3620.044921875,71,103449
0.0014396747574210167,2945.025390625,72,103499
0.013125034049153328,2801.203369140625,72,103549
7.628599996678531e-05,3764.21533203125,72,103599
0.05406501889228821,3359.37255859375,72,103649
0.021186750382184982,3207.8095703125,72,103699
0.010268406942486763,3833.3935546875,72,103749
0.0005756308673880994,3642.0849609375,72,103799
0.0754719153046608,3908.282958984375,72,103849
0.029915712773799896,3649.120361328125,72,103899
0.003291966626420617,3376.176513671875,72,103949
0.002061659237369895,3411.336669921875,72,103999
